code,name,first,last,rows
1309,中国/上海50,2007-10-23,2026-10-02,4631
1332,ニッスイ,2016-02-05,2026-10-02,2602
1333,マルハニチロ,2016-02-05,2026-10-02,2602
1343,東証REIT,2016-02-04,2026-10-02,2603
1377,サカタのタネ,2016-02-05,2026-10-02,2602
1379,ホクト,2016-02-05,2026-10-02,2602
1414,ショーボンド,2016-02-05,2026-10-02,2602
1417,ミライトワン,2016-02-05,2026-10-02,2602
1419,タマホーム,2016-02-05,2026-10-02,2602
141A,トライアル,2024-03-21,2026-10-02,618
1515,日鉄鉱業,2016-02-05,2026-10-02,2602
1540,金Gold,2016-02-04,2026-10-02,2603
1542,銀Silver,2016-02-04,2026-10-02,2603
1545,Nasdaq100,2016-02-04,2026-10-02,2603
1546,NYダウ,2016-02-04,2026-10-02,2603
1605,INPEX,2016-02-05,2026-10-02,2602
1617,食品,2016-02-04,2026-10-02,2603
1618,エネ資源,2016-02-04,2026-10-02,2603
1619,建設資材,2016-02-04,2026-10-02,2603
1620,素材化学,2016-02-04,2026-10-02,2603
1621,医療品,2016-02-04,2026-10-02,2603
1622,自動車輸送,2016-02-04,2026-10-02,2603
1623,鉄鋼非鉄,2016-02-04,2026-10-02,2603
1624,機械,2016-02-04,2026-10-02,2603
1625,電機精密,2016-02-04,2026-10-02,2603
1626,情報サービス,2016-02-04,2026-10-02,2603
1627,電力ガス,2016-02-04,2026-10-02,2603
1628,運輸物流,2016-02-04,2026-10-02,2603
1629,商社卸売,2016-02-05,2026-10-02,2602
1630,小売,2016-02-04,2026-10-02,2603
1631,銀行,2016-02-04,2026-10-02,2603
1632,金融(銀行除),2016-02-04,2026-10-02,2603
1633,不動産,2016-02-04,2026-10-02,2603
1662,石油資源,2016-02-05,2026-10-02,2602
1663,K&Oエナジ,2016-02-05,2026-10-02,2602
1671,WTI原油,2016-02-04,2026-10-02,2603
167A,リョサン菱洋,2024-04-01,2026-10-02,611
1693,銅Copper,2016-02-04,2026-10-02,2603
1719,安藤ハザマ,2016-02-05,2026-10-02,2602
1720,東急建設,2016-02-05,2026-10-02,2602
1721,コムシス,2016-02-05,2026-10-02,2602
1723,日本電技,2016-02-05,2026-10-02,2602
1762,高松建設,2016-02-05,2026-10-02,2602
1766,東建コーポ,2016-02-05,2026-10-02,2602
1801,大成建,2016-02-05,2026-10-02,2602
1802,大林組,2016-02-05,2026-10-02,2602
1803,清水建,2016-02-05,2026-10-02,2602
1808,長谷工,2016-02-05,2026-10-02,2602
1812,鹿島,2016-02-05,2026-10-02,2602
1820,西松建設,2016-02-05,2026-10-02,2602
1833,奥村組,2016-02-05,2026-10-02,2602
1835,東鉄工業,2016-02-05,2026-10-02,2602
1860,戸田建設,2016-02-05,2026-10-02,2602
1861,熊谷組,2016-02-05,2026-10-02,2602
186A,アストロ,2024-06-05,2026-10-02,567
1871,ピーエス建,2016-02-05,2026-10-02,2602
1878,大東建託,2016-02-05,2026-10-02,2602
1879,新日本建,2016-02-05,2026-10-02,2602
1885,東亜建設,2016-02-05,2026-10-02,2602
1893,五洋建設,2016-02-05,2026-10-02,2602
1911,住友林業,2016-02-05,2026-10-02,2602
1925,ハウス,2016-02-05,2026-10-02,2602
1926,ライト工,2016-02-05,2026-10-02,2602
1928,積ハウス,2016-02-05,2026-10-02,2602
1929,日特建,2016-02-05,2026-10-02,2602
1934,ユアテック,2016-02-05,2026-10-02,2602
1941,中電工,2016-02-05,2026-10-02,2602
1942,関電工,2016-02-05,2026-10-02,2602
1944,きんでん,2016-02-05,2026-10-02,2602
1946,トーエネック,2016-02-05,2026-10-02,2602
1950,日本電設工,2016-02-05,2026-10-02,2602
1951,エクシオ,2016-02-05,2026-10-02,2602
1952,新日本空調,2016-02-05,2026-10-02,2602
1959,クラフティア,2016-02-05,2026-10-02,2602
1961,三機工業,2016-02-05,2026-10-02,2602
1963,日揮,2016-02-05,2026-10-02,2602
1965,テクノ菱和,2016-02-05,2026-10-02,2602
1968,太平電業,2016-02-05,2026-10-02,2602
1969,高砂熱学工業,2026-08-24,2026-10-02,27
1979,大気社,2016-02-05,2026-10-02,2602
1980,ダイダン,2016-02-05,2026-10-02,2602
2001,ニップン,2016-02-05,2026-10-02,2602
2002,日清粉,2016-02-05,2026-10-02,2602
200A,日経半導体株,2024-06-04,2026-10-02,568
2109,三井製糖,2016-02-05,2026-10-02,2602
2121,MIXI,2016-02-05,2026-10-02,2602
2124,JACリク,2016-02-05,2026-10-02,2602
2127,日本M&A,2016-02-05,2026-10-02,2602
2146,UT,2016-02-05,2026-10-02,2602
2154,オープンアップ,2016-02-05,2026-10-02,2602
215A,タイミー,2024-07-26,2026-10-02,531
2160,GNI,2016-02-05,2026-10-02,2602
2168,パソナ,2016-02-05,2026-10-02,2602
2175,エスエムエス,2016-02-05,2026-10-02,2602
2181,パーソル,2016-02-05,2026-10-02,2602
2201,森永製菓,2016-02-05,2026-10-02,2602
2206,江崎グリコ,2016-02-05,2026-10-02,2602
2211,不二家,2016-02-05,2026-10-02,2602
2212,山パン,2016-02-05,2026-10-02,2602
2220,亀田,2016-02-05,2026-10-02,2602
2222,寿スピ,2016-02-05,2026-10-02,2602
2229,カルビー,2016-02-05,2026-10-02,2602
2243,SOX半導体株,2023-04-13,2026-10-02,847
2264,森永乳業,2016-02-05,2026-10-02,2602
2267,ヤクルト,2016-02-05,2026-10-02,2602
2269,明治,2016-02-05,2026-10-02,2602
2270,雪印メグ,2016-02-05,2026-10-02,2602
2281,プリマハム,2016-02-05,2026-10-02,2602
2282,日ハム,2016-02-05,2026-10-02,2602
2288,丸大,2016-02-05,2026-10-02,2602
2296,伊藤ハム米久,2016-04-01,2026-10-02,2564
2317,システナ,2016-02-05,2026-10-02,2602
2327,日鉄ソリュ,2016-02-05,2026-10-02,2602
2331,ALSOK綜合警備,2016-02-05,2026-10-02,2602
2337,いちご,2016-02-05,2026-10-02,2602
2371,カカクコム,2016-02-05,2026-10-02,2602
2379,ディップ,2016-02-05,2026-10-02,2602
2384,SBS,2016-02-05,2026-10-02,2602
2413,エムスリー,2016-02-05,2026-10-02,2602
2432,DeNA,2016-02-05,2026-10-02,2602
2433,博報堂DY,2016-02-05,2026-10-02,2602
2471,エスプール,2016-02-05,2026-10-02,2602
2492,インフォマ,2016-02-05,2026-10-02,2602
2501,サッポロ,2016-02-05,2026-10-02,2602
2502,アサヒ,2016-02-05,2026-10-02,2602
2503,キリン,2016-02-05,2026-10-02,2602
2513,MSCI先進国,2017-12-11,2026-10-02,2148
2520,MSCI新興国,2018-07-10,2026-10-02,2006
2531,宝,2016-02-05,2026-10-02,2602
2533,オエノン,2016-02-05,2026-10-02,2602
2559,全世界株式,2020-01-09,2026-10-02,1644
2579,コカ・コーラ,2016-02-05,2026-10-02,2602
2587,サントリー食,2016-02-05,2026-10-02,2602
2593,伊藤園,2016-02-05,2026-10-02,2602
2602,日清オイリオ,2016-02-05,2026-10-02,2602
2607,不二製油,2016-02-05,2026-10-02,2602
2613,Jオイル,2016-02-05,2026-10-02,2602
2633,S&P500,2021-03-31,2026-10-02,1345
2659,サンエー,2016-02-05,2026-10-02,2602
2670,ABCマート,2016-02-05,2026-10-02,2602
2678,アスクル,2016-02-05,2026-10-02,2602
2681,ゲオ,2016-02-05,2026-10-02,2602
2685,アンドエスティ,2016-02-05,2026-10-02,2602
268A,リガク,2024-10-25,2026-10-02,470
2695,くら寿司,2016-02-05,2026-10-02,2602
2698,キャンドゥ,2016-02-05,2026-10-02,2602
2702,マクド,2016-02-05,2026-10-02,2602
2726,パル,2016-02-05,2026-10-02,2602
2730,エディオン,2016-02-05,2026-10-02,2602
2760,東京エレクD,2016-02-05,2026-10-02,2602
2767,円谷フィ,2016-02-05,2026-10-02,2602
2768,双日,2016-02-05,2026-10-02,2602
2782,セリア,2016-02-05,2026-10-02,2602
2784,アルフレッサ,2016-02-05,2026-10-02,2602
2790,ナフコ,2016-02-05,2026-10-02,2602
2801,キッコマン,2016-02-05,2026-10-02,2602
2802,味の素,2016-02-05,2026-10-02,2602
2804,ブルドック,2016-02-05,2026-10-02,2602
2805,エスビー食品,2016-02-05,2026-10-02,2602
2809,キユーピー,2016-02-05,2026-10-02,2602
2810,ハウス食品,2016-02-05,2026-10-02,2602
2811,カゴメ,2016-02-05,2026-10-02,2602
2815,アリアケJ,2016-02-05,2026-10-02,2602
2859,ユーロ50,2022-09-02,2026-10-02,996
285A,キオクシア,2024-12-18,2026-10-02,433
2871,ニチレイ,2016-02-05,2026-10-02,2602
2874,ヨコレイ,2016-02-05,2026-10-02,2602
2875,東洋水産,2016-02-05,2026-10-02,2602
2897,日清食品,2016-02-05,2026-10-02,2602
290A,シンスペクテ,2024-12-19,2026-10-02,432
2914,JT,2016-02-05,2026-10-02,2602
2936,ベースフード,2022-11-15,2026-10-02,948
3001,片倉工業,2016-02-05,2026-10-02,2602
3002,グンゼ,2016-02-05,2026-10-02,2602
3003,ヒューリック,2016-02-05,2026-10-02,2602
3038,神戸物産,2016-02-05,2026-10-02,2602
3046,ジンズ,2016-02-05,2026-10-02,2602
3048,ビックカメラ,2016-02-05,2026-10-02,2602
3050,DCM,2016-02-05,2026-10-02,2602
3064,モノタロ,2016-02-05,2026-10-02,2602
3076,あい,2016-02-05,2026-10-02,2602
3086,Jフロント,2016-02-05,2026-10-02,2602
3087,ドトール,2016-02-05,2026-10-02,2602
3088,マツキヨココ,2016-02-05,2026-10-02,2602
3092,ZOZO,2016-02-05,2026-10-02,2602
3097,物語コーポ,2016-02-05,2026-10-02,2602
3099,三越伊勢丹,2016-02-05,2026-10-02,2602
3101,東洋紡,2016-02-05,2026-10-02,2602
3105,日清紡,2016-02-05,2026-10-02,2602
3106,クラボウ,2016-02-05,2026-10-02,2602
3107,ダイワボウ,2016-02-05,2026-10-02,2602
3116,トヨタ紡,2016-02-05,2026-10-02,2602
3132,マクニカ,2016-02-05,2026-10-02,2602
3148,クリエイト,2016-02-05,2026-10-02,2602
3167,TOKAI,2016-02-05,2026-10-02,2602
3186,ネクステージ,2016-02-05,2026-10-02,2602
3191,ジョイフル本田,2016-02-05,2026-10-02,2602
3197,すかいらーく,2016-02-05,2026-10-02,2602
3201,ニッケ,2016-02-05,2026-10-02,2602
3222,ユナイテドスーパ,2016-02-05,2026-10-02,2602
3226,三井不アコreit,2016-02-05,2026-10-02,2602
3231,野村不,2016-02-05,2026-10-02,2602
3234,森ヒルズreit,2016-02-05,2026-10-02,2602
3249,産業Freit,2016-02-05,2026-10-02,2602
3269,アドバンレジreit,2016-02-05,2026-10-02,2602
3279,アクティビアreit,2016-02-05,2026-10-02,2602
3282,コンフォリアreit,2016-02-05,2026-10-02,2602
3287,星野リゾートreit,2016-02-05,2026-10-02,2602
3288,オープンハウス,2016-02-05,2026-10-02,2602
3289,東急不,2016-02-05,2026-10-02,2602
3291,飯田Ｇ,2016-02-05,2026-10-02,2602
3292,イオンreit,2016-02-05,2026-10-02,2602
3295,ヒューリックreit,2016-02-05,2026-10-02,2602
3296,日本reit,2016-02-05,2026-10-02,2602
3309,積水ハウスreit,2016-02-05,2026-10-02,2602
3349,コスモス薬,2016-02-05,2026-10-02,2602
3350,メタプラネット,2016-02-05,2026-10-02,2602
3360,シップヘルス,2016-02-05,2026-10-02,2602
3382,7&i,2016-02-05,2026-10-02,2602
3387,クリエイトレス,2016-02-05,2026-10-02,2602
3391,ツルハ,2016-02-05,2026-10-02,2602
3395,サンマルク,2016-02-05,2026-10-02,2602
3397,トリドール,2016-02-05,2026-10-02,2602
3401,帝人,2016-02-05,2026-10-02,2602
3402,東レ,2016-02-05,2026-10-02,2602
3405,クラレ,2016-02-05,2026-10-02,2602
3407,旭化成,2016-02-05,2026-10-02,2602
3433,トーカロ,2016-02-05,2026-10-02,2602
3436,SUMCO,2016-02-05,2026-10-02,2602
3462,野村不reit,2016-02-05,2026-10-02,2602
3466,ラサールロジreit,2016-02-17,2026-10-02,2595
3468,スターアジアreit,2016-04-20,2026-10-02,2551
3471,三井不ロジreit,2016-08-02,2026-10-02,2482
3481,菱地所物reit,2017-09-14,2026-10-02,2206
3498,霞ヶ関キャピ,2018-11-28,2026-10-02,1910
3543,コメダ,2016-06-29,2026-10-02,2505
3549,クスリアオキ,2016-11-21,2026-10-02,2408
3563,food＆life(スシロー),2017-03-30,2026-10-02,2321
3569,セーレン,2016-02-05,2026-10-02,2602
3591,ワコール,2016-02-05,2026-10-02,2602
3626,TIS,2016-02-05,2026-10-02,2602
3632,グリー,2016-02-05,2026-10-02,2602
3635,コーエーテクモ,2016-02-05,2026-10-02,2602
3659,ネクソン,2016-02-05,2026-10-02,2602
3668,コロプラ,2016-02-05,2026-10-02,2602
3697,SHIFT,2016-02-05,2026-10-02,2602
3765,ガンホー,2016-02-05,2026-10-02,2602
3769,GMOPG,2016-02-05,2026-10-02,2602
3774,IIJ,2016-02-05,2026-10-02,2602
3778,さくらインタ,2016-02-05,2026-10-02,2602
3861,王子紙,2016-02-05,2026-10-02,2602
3863,日本製紙,2016-02-05,2026-10-02,2602
3865,北越紙,2016-02-05,2026-10-02,2602
3880,大王製紙,2016-02-05,2026-10-02,2602
3923,ラクス,2016-02-05,2026-10-02,2602
3941,レンゴー,2016-02-05,2026-10-02,2602
3962,チェンジ,2016-09-28,2026-10-02,2444
3993,パークシャ,2017-09-22,2026-10-02,2201
3994,マネーフォ,2017-09-29,2026-10-02,2196
4004,レゾナック昭電工,2016-02-05,2026-10-02,2602
4005,住友化,2016-02-05,2026-10-02,2602
4021,日産化,2016-02-05,2026-10-02,2602
4023,クレハ,2016-02-05,2026-10-02,2602
4028,石原産業,2016-02-05,2026-10-02,2602
4041,日本曹達,2016-02-05,2026-10-02,2602
4042,東ソー,2016-02-05,2026-10-02,2602
4043,トクヤマ,2016-02-05,2026-10-02,2602
4045,東亞合成,2016-02-05,2026-10-02,2602
4046,大阪ソーダ,2016-02-05,2026-10-02,2602
4061,デンカ,2016-02-05,2026-10-02,2602
4062,イビデン,2016-02-05,2026-10-02,2602
4063,信越化,2016-02-05,2026-10-02,2602
4064,日本カーバイ,2016-02-05,2026-10-02,2602
4088,エアウォータ,2016-02-05,2026-10-02,2602
4091,日本酸素,2016-02-05,2026-10-02,2602
4095,日本パーカラ,2016-02-05,2026-10-02,2602
4099,四国化成,2016-02-05,2026-10-02,2602
4107,伊勢化学,2016-02-05,2026-10-02,2602
4109,ステラケミ,2016-02-05,2026-10-02,2602
4114,日本触媒,2016-02-05,2026-10-02,2602
4118,カネカ,2016-02-05,2026-10-02,2602
4151,協和キリン,2016-02-05,2026-10-02,2602
417A,ブルーゾーン,2025-10-01,2026-10-02,243
4180,Appier,2021-03-30,2026-10-02,1346
4182,菱ガス化,2016-02-05,2026-10-02,2602
4183,三井化学,2016-02-05,2026-10-02,2602
4186,東京応化,2016-02-05,2026-10-02,2602
4188,三菱ケミ,2016-02-05,2026-10-02,2602
4194,ビジョナル,2021-04-22,2026-10-02,1329
4202,ダイセル,2016-02-05,2026-10-02,2602
4203,住友ベーク,2016-02-05,2026-10-02,2602
4204,積水化学,2016-02-05,2026-10-02,2602
4205,日本ゼオン,2016-02-05,2026-10-02,2602
4206,アイカ工,2016-02-05,2026-10-02,2602
4208,宇部興産,2016-02-05,2026-10-02,2602
4220,リケンテク,2016-02-05,2026-10-02,2602
4272,日本化薬,2016-02-05,2026-10-02,2602
429A,テクセンド,2025-10-16,2026-10-02,233
4307,野村総研,2016-02-05,2026-10-02,2602
4324,電通,2016-02-05,2026-10-02,2602
4344,ソースネクス,2016-02-05,2026-10-02,2602
4368,扶桑化学工,2016-02-05,2026-10-02,2602
4373,シンプレクス,2021-09-22,2026-10-02,1228
4385,メルカリ,2018-06-19,2026-10-02,2021
4401,ADEKA,2016-02-05,2026-10-02,2602
4403,日油,2016-02-05,2026-10-02,2602
4443,Sansan,2019-06-19,2026-10-02,1779
4452,花王,2016-02-05,2026-10-02,2602
4471,三洋化成,2016-02-05,2026-10-02,2602
4477,BASE,2019-10-25,2026-10-02,1693
4478,フリー,2019-12-17,2026-10-02,1657
4483,ＪＭＤＣ,2019-12-16,2026-10-02,1658
4502,武田,2016-02-05,2026-10-02,2602
4503,アステラ,2016-02-05,2026-10-02,2602
4506,住友ファ,2016-02-05,2026-10-02,2602
4507,塩野義,2016-02-05,2026-10-02,2602
4516,日本新薬,2016-02-05,2026-10-02,2602
4519,中外薬,2016-02-05,2026-10-02,2602
4521,科研製薬,2016-02-05,2026-10-02,2602
4523,エーザイ,2016-02-05,2026-10-02,2602
4527,ロート,2016-02-05,2026-10-02,2602
4528,小野薬品,2016-02-05,2026-10-02,2602
4534,持田製薬,2016-02-05,2026-10-02,2602
4536,参天製薬,2016-02-05,2026-10-02,2602
4540,ツムラ,2016-02-05,2026-10-02,2602
4543,テルモ,2016-02-05,2026-10-02,2602
4544,HUグループ,2016-02-05,2026-10-02,2602
4547,キッセイ薬,2016-02-05,2026-10-02,2602
4552,JCR日本ケミ,2016-02-05,2026-10-02,2602
4553,東和薬品,2016-02-05,2026-10-02,2602
4565,ネクセラ,2016-02-05,2026-10-02,2602
4568,第一三共,2016-02-05,2026-10-02,2602
4578,大塚,2016-02-05,2026-10-02,2602
4587,ペプチド,2016-02-05,2026-10-02,2602
4592,サンバイオ,2016-02-05,2026-10-02,2602
4612,日本ペ,2016-02-05,2026-10-02,2602
4613,関西ペ,2016-02-05,2026-10-02,2602
4617,中国塗料,2016-02-05,2026-10-02,2602
4626,太陽,2016-02-05,2026-10-02,2602
4628,エスケー化,2016-02-08,2026-10-02,2601
4631,DIC大日本インキ,2016-02-05,2026-10-02,2602
4633,サカタインク,2016-02-05,2026-10-02,2602
4634,artience,2016-02-05,2026-10-02,2602
4661,OLCオリランド,2016-02-05,2026-10-02,2602
4665,ダスキン,2016-02-05,2026-10-02,2602
4666,パーク24,2016-02-05,2026-10-02,2602
4676,フジメディア,2016-02-05,2026-10-02,2602
4680,ラウンドワン,2016-02-05,2026-10-02,2602
4681,リゾートトラ,2016-02-05,2026-10-02,2602
4684,オービック,2016-02-05,2026-10-02,2602
4686,ジャストシス,2016-02-05,2026-10-02,2602
4689,LINEヤフー,2016-02-05,2026-10-02,2602
4694,BML,2016-02-05,2026-10-02,2602
4704,トレンド,2016-02-05,2026-10-02,2602
4716,オラクル,2016-02-05,2026-10-02,2602
4732,USS,2016-02-05,2026-10-02,2602
4733,オービックビジネス,2016-02-05,2026-10-02,2602
4751,サイバー,2016-02-05,2026-10-02,2602
4755,楽天,2016-02-05,2026-10-02,2602
4768,大塚商会,2016-02-05,2026-10-02,2602
4776,サイボウズ,2016-02-05,2026-10-02,2602
4784,GMOインタ,2016-02-05,2026-10-02,2602
4812,電通総研,2016-02-05,2026-10-02,2602
4816,東映アニメ,2016-02-05,2026-10-02,2602
4819,デジタルガレ,2016-02-05,2026-10-02,2602
4848,フルキャス,2016-02-05,2026-10-02,2602
4887,サワイ,2021-04-01,2026-10-02,1344
4901,富士フイ,2016-02-05,2026-10-02,2602
4902,コニカミノ,2016-02-05,2026-10-02,2602
4911,資生堂,2016-02-05,2026-10-02,2602
4912,ライオン,2016-02-05,2026-10-02,2602
4914,高砂香料工,2016-02-05,2026-10-02,2602
4922,コーセー,2016-02-05,2026-10-02,2602
4927,ポーラオルビス,2016-02-05,2026-10-02,2602
4928,ノエビア,2016-02-05,2026-10-02,2602
4931,スマレジ,2019-06-27,2026-10-02,1773
4958,長谷川香料,2016-02-05,2026-10-02,2602
4966,上村工,2016-02-05,2026-10-02,2602
4967,小林製薬,2016-02-05,2026-10-02,2602
4975,JCU,2016-02-05,2026-10-02,2602
4980,デクセリアルズ,2016-02-05,2026-10-02,2602
4985,アース製薬,2016-02-05,2026-10-02,2602
5016,ＪＸ金属,2025-03-19,2026-10-02,375
5019,出光興産,2016-02-05,2026-10-02,2602
5020,ENEOS,2016-02-05,2026-10-02,2602
5021,コスモ,2016-02-05,2026-10-02,2602
5032,ANYCOLOR,2022-06-08,2026-10-02,1056
5076,インフロニア,2021-10-01,2026-10-02,1222
5101,浜ゴム,2016-02-05,2026-10-02,2602
5105,TOYO東洋タイヤ,2016-02-05,2026-10-02,2602
5108,ブリヂス,2016-02-05,2026-10-02,2602
5110,住友ゴ,2016-02-05,2026-10-02,2602
5139,オープンワーク,2022-12-16,2026-10-02,926
5161,西川ゴム工業,2016-02-05,2026-10-02,2602
5186,ニッタ,2016-02-05,2026-10-02,2602
5192,三ツ星ベルト,2016-02-05,2026-10-02,2602
5201,旭硝子,2016-02-05,2026-10-02,2602
5214,日電硝,2016-02-05,2026-10-02,2602
5232,住友大阪セメ,2016-02-05,2026-10-02,2602
5233,太平洋セメ,2016-02-05,2026-10-02,2602
5273,三谷セキ,2016-02-05,2026-10-02,2602
5301,東海カーボ,2016-02-05,2026-10-02,2602
5331,ノリタケ,2016-02-05,2026-10-02,2602
5332,TOTO,2016-02-05,2026-10-02,2602
5333,ガイシ,2016-02-05,2026-10-02,2602
5334,日本特殊陶業,2016-02-05,2026-10-02,2602
5344,MARUWA,2016-02-05,2026-10-02,2602
5384,フジミインコ,2016-02-05,2026-10-02,2602
5393,ニチアス,2016-02-05,2026-10-02,2602
5401,日本製鉄,2016-02-05,2026-10-02,2602
5406,神戸鋼,2016-02-05,2026-10-02,2602
5411,JFE,2016-02-05,2026-10-02,2602
5423,東京製鐵,2016-02-05,2026-10-02,2602
5444,大和工,2016-02-05,2026-10-02,2602
5449,大阪製鐵,2016-02-05,2026-10-02,2602
5451,ヨドコウ,2016-02-05,2026-10-02,2602
5463,丸一鋼管,2016-02-05,2026-10-02,2602
5471,大同特鋼,2016-02-05,2026-10-02,2602
5482,愛知製鋼,2016-02-05,2026-10-02,2602
5602,栗本鐵工所,2016-02-05,2026-10-02,2602
5631,日製鋼,2016-02-05,2026-10-02,2602
5703,日本軽金属,2016-02-05,2026-10-02,2602
5706,三井金属,2016-02-05,2026-10-02,2602
5711,三菱マ,2016-02-05,2026-10-02,2602
5713,住友鉱,2016-02-05,2026-10-02,2602
5714,DOWA,2016-02-05,2026-10-02,2602
5715,古河機械金,2016-02-05,2026-10-02,2602
5726,大阪チタ,2016-02-05,2026-10-02,2602
5741,UACJ古河住友,2016-02-05,2026-10-02,2602
5801,古河電,2016-02-05,2026-10-02,2602
5802,住友電,2016-02-05,2026-10-02,2602
5803,フジクラ,2016-02-05,2026-10-02,2602
5805,SWCC昭和電線,2016-02-05,2026-10-02,2602
5830,いよぎん,2022-10-03,2026-10-02,977
5831,しずおか銀,2022-10-03,2026-10-02,977
5832,中国銀,2022-10-03,2026-10-02,977
5838,楽天銀,2023-04-21,2026-10-02,841
5844,京都銀,2023-10-02,2026-10-02,731
5857,ARE,2016-02-05,2026-10-02,2602
5901,東洋製罐,2016-02-05,2026-10-02,2602
5911,横河ブリッジ,2016-02-05,2026-10-02,2602
5929,三和,2016-02-05,2026-10-02,2602
5930,文化シヤッター,2016-02-05,2026-10-02,2602
5938,ＬＩＸＩＬ,2016-02-05,2026-10-02,2602
5947,リンナイ,2016-02-05,2026-10-02,2602
5975,東プレ,2016-02-05,2026-10-02,2602
5991,ニッパツ,2016-02-05,2026-10-02,2602
6005,三浦工業,2016-02-05,2026-10-02,2602
6013,タクマ,2016-02-05,2026-10-02,2602
6027,弁護士,2016-02-05,2026-10-02,2602
6050,イーガーディ,2016-02-05,2026-10-02,2602
6055,ジャパンマテ,2016-02-05,2026-10-02,2602
6080,M&Aキャピタル,2016-02-05,2026-10-02,2602
6098,リクルート,2016-02-05,2026-10-02,2602
6101,ツガミ,2016-02-05,2026-10-02,2602
6103,オークマ,2016-02-05,2026-10-02,2602
6113,アマダ,2016-02-05,2026-10-02,2602
6134,FUJI富士機械,2016-02-05,2026-10-02,2602
6135,牧野フライス,2016-02-05,2026-10-02,2602
6136,OSG,2016-02-05,2026-10-02,2602
6141,DMG森精機,2016-02-05,2026-10-02,2602
6143,ソディック,2016-02-05,2026-10-02,2602
6146,ディスコ,2016-02-05,2026-10-02,2602
6151,日東工器,2016-02-05,2026-10-02,2602
6178,日本郵政,2016-02-05,2026-10-02,2602
6183,ベル２４,2016-02-05,2026-10-02,2602
6250,やまびこ,2016-02-05,2026-10-02,2602
6254,野村マイクロ,2016-02-05,2026-10-02,2602
6268,ナブテスコ,2016-02-05,2026-10-02,2602
6269,三井海洋開発,2016-02-05,2026-10-02,2602
6273,SMC,2016-02-05,2026-10-02,2602
6278,ユニオンツル,2016-02-05,2026-10-02,2602
6301,コマツ,2016-02-05,2026-10-02,2602
6302,住友重,2016-02-05,2026-10-02,2602
6305,日立建機,2016-02-05,2026-10-02,2602
6315,TOWA,2016-02-05,2026-10-02,2602
6323,ローツェ,2016-02-05,2026-10-02,2602
6324,ハーモニD,2016-02-05,2026-10-02,2602
6326,クボタ,2016-02-05,2026-10-02,2602
6330,東洋エンジ,2016-02-05,2026-10-02,2602
6331,三菱化工,2016-02-05,2026-10-02,2602
6332,月島,2016-02-05,2026-10-02,2602
6349,小森,2016-02-05,2026-10-02,2602
6361,荏原,2016-02-05,2026-10-02,2602
6366,千代田化工建,2016-02-05,2026-10-02,2602
6367,ダイキン,2016-02-05,2026-10-02,2602
6368,オルガノ,2026-08-24,2026-10-02,27
6370,栗田工業,2016-02-05,2026-10-02,2602
6371,椿本チエ,2016-02-05,2026-10-02,2602
6376,日機装,2016-02-05,2026-10-02,2602
6379,レイズネク,2016-02-05,2026-10-02,2602
6383,ダイフク,2016-02-05,2026-10-02,2602
6395,タダノ,2016-02-05,2026-10-02,2602
6407,CKD,2016-02-05,2026-10-02,2602
6412,平和,2016-02-05,2026-10-02,2602
6417,SANKYO,2016-02-05,2026-10-02,2602
6420,ガリレイ,2016-02-05,2026-10-02,2602
6432,竹内製作,2016-02-05,2026-10-02,2602
6436,アマノ,2016-02-05,2026-10-02,2602
6440,JUKI,2016-02-05,2026-10-02,2602
6448,ブラザー工,2016-02-05,2026-10-02,2602
6454,マックス,2016-02-05,2026-10-02,2602
6455,モリタ,2016-02-05,2026-10-02,2602
6457,グローリー,2016-02-05,2026-10-02,2602
6460,セガサミー,2016-02-05,2026-10-02,2602
6465,ホシザキ,2016-02-05,2026-10-02,2602
6471,日精工,2016-02-05,2026-10-02,2602
6472,NTN,2016-02-05,2026-10-02,2602
6473,Jテクト,2016-02-05,2026-10-02,2602
6474,不二越,2016-02-05,2026-10-02,2602
6479,ミネベア,2016-02-05,2026-10-02,2602
6480,日本トムソン,2016-02-05,2026-10-02,2602
6481,THK,2016-02-05,2026-10-02,2602
6486,イーグル工,2016-02-05,2026-09-28,2598
6490,日本ピラー,2016-02-05,2026-10-02,2602
6498,キッツ,2016-02-05,2026-10-02,2602
6501,日立,2016-02-04,2026-10-02,2603
6503,三菱電,2016-02-05,2026-10-02,2602
6504,富士電機,2016-02-05,2026-10-02,2602
6506,安川電,2016-02-05,2026-10-02,2602
6507,シンフォニア,2016-02-05,2026-10-02,2602
6508,明電舎,2016-02-05,2026-10-02,2602
6516,山洋電気,2016-02-05,2026-10-02,2602
6523,PHC旧松下寿,2021-10-14,2026-10-02,1213
6525,KOKUSAI電,2023-10-25,2026-10-02,715
6526,ソシオネク,2022-10-12,2026-10-02,971
6532,ベイカレン,2016-09-02,2026-10-02,2460
6544,Jエレベーター,2017-03-17,2026-10-02,2329
6586,マキタ,2016-02-05,2026-10-02,2602
6588,東芝テック,2016-02-05,2026-10-02,2602
6590,芝浦メカトロ,2016-02-05,2026-10-02,2602
6592,マブチモーター,2016-02-05,2026-10-02,2602
6594,ニデック日本電産,2016-02-05,2026-10-02,2602
6619,ＷＳＣＯＰＥ,2016-02-05,2026-10-02,2602
6622,ダイヘン,2016-02-05,2026-10-02,2602
6632,JVCケンウッド,2016-02-05,2026-10-02,2602
6645,オムロン,2016-02-05,2026-10-02,2602
6651,日東工業,2016-02-05,2026-10-02,2602
6674,GSユアサ,2016-02-05,2026-10-02,2602
6701,NEC,2016-02-05,2026-10-02,2602
6702,富士通,2016-02-05,2026-10-02,2602
6703,OKI,2016-02-05,2026-10-02,2602
6707,サンケン電,2016-02-05,2026-10-02,2602
6723,ルネサス,2016-02-05,2026-10-02,2602
6724,エプソン,2016-02-05,2026-10-02,2602
6727,ワコム,2016-02-05,2026-10-02,2602
6728,アルバック,2016-02-05,2026-10-02,2602
6736,サン電子,2016-02-05,2026-10-02,2602
6740,Jディスプレイ,2016-02-05,2026-10-02,2602
6744,能美防災,2016-02-05,2026-10-02,2602
6745,ホーチキ,2016-02-05,2026-10-02,2602
6750,エレコム,2016-02-05,2026-10-02,2602
6752,パナソニック,2016-02-05,2026-10-02,2602
6753,シャープ,2016-02-05,2026-10-02,2602
6754,アンリツ,2016-02-05,2026-10-02,2602
6758,ソニー,2016-02-05,2026-10-02,2602
6762,TDK,2016-02-05,2026-10-02,2602
6770,アルプス,2016-02-05,2026-10-02,2602
6787,メイコー,2016-02-05,2026-10-02,2602
6804,ホシデン,2016-02-05,2026-10-02,2602
6806,ヒロセ電機,2016-02-05,2026-10-02,2602
6807,日本航空電,2016-02-05,2026-10-02,2602
6810,マクセル,2016-02-05,2026-10-02,2602
6814,古野電気,2016-02-05,2026-10-02,2602
6841,横河電,2016-02-05,2026-10-02,2602
6845,アズビル,2016-02-05,2026-10-02,2602
6849,日本光電,2016-02-05,2026-10-02,2602
6856,堀場製,2016-02-05,2026-10-02,2602
6857,アドテスト,2016-02-05,2026-10-02,2602
6859,エスペック,2016-02-05,2026-10-02,2602
6861,キーエンス,2016-02-05,2026-10-02,2602
6869,シスメックス,2016-02-05,2026-10-02,2602
6871,日本マイクロ,2016-02-05,2026-10-02,2602
6875,メガチップス,2016-02-05,2026-10-02,2602
6890,フェロテク,2016-02-05,2026-10-02,2602
6902,デンソー,2016-02-05,2026-10-02,2602
6920,レーザーテク,2016-02-05,2026-10-02,2602
6923,スタンレー,2016-02-05,2026-10-02,2602
6925,ウシオ電機,2016-02-05,2026-10-02,2602
6941,山一電機,2016-02-05,2026-10-02,2602
6947,図研,2016-02-05,2026-10-02,2602
6951,日本電子,2016-02-05,2026-10-02,2602
6952,カシオ,2016-02-05,2026-10-02,2602
6954,ファナック,2016-02-05,2026-10-02,2602
6958,日本CMK,2016-02-05,2026-10-02,2602
6960,フクダ電,2016-02-05,2026-10-02,2602
6963,ローム,2016-02-05,2026-10-02,2602
6965,浜松ホト,2016-02-05,2026-10-02,2602
6966,三井ハイテク,2016-02-05,2026-10-02,2602
6971,京セラ,2016-02-04,2026-10-02,2603
6976,太陽誘電,2016-02-05,2026-10-02,2602
6981,村田製,2016-02-05,2026-10-02,2602
6988,日東電,2016-02-05,2026-10-02,2602
6995,東海理化,2016-02-05,2026-10-02,2602
6996,ニチコン,2016-02-05,2026-10-02,2602
6997,日ケミコン,2016-02-05,2026-10-02,2602
7003,三井E&S,2016-02-05,2026-10-02,2602
7004,カナデビ日立造,2016-02-05,2026-10-02,2602
7011,三菱重,2016-02-05,2026-10-02,2602
7012,川重,2016-02-05,2026-10-02,2602
7013,IHI,2016-02-05,2026-10-02,2602
7014,名村造船,2016-02-05,2026-10-02,2602
7148,FPG,2016-02-05,2026-10-02,2602
7157,ライフネト生命,2016-02-05,2026-10-02,2602
7164,全国保証,2016-02-05,2026-10-02,2602
7167,めぶきF,2016-02-05,2026-10-02,2602
7172,ジャパンインベ,2016-02-05,2026-10-02,2602
7173,東京きらぼしF,2016-02-05,2026-10-02,2602
7180,九州F,2016-02-05,2026-10-02,2602
7181,かんぽ生命保,2016-02-05,2026-10-02,2602
7182,ゆうちょ銀,2016-02-05,2026-10-02,2602
7184,富山第一銀,2016-03-15,2026-10-02,2576
7186,横浜銀,2016-04-01,2026-10-02,2564
7189,西日本フF,2016-10-03,2026-10-02,2441
7201,日産自,2016-02-05,2026-10-02,2602
7202,いすゞ,2016-02-05,2026-10-02,2602
7203,トヨタ,2016-02-05,2026-10-02,2602
7211,三菱自,2016-02-05,2026-10-02,2602
7220,武蔵精密,2016-02-05,2026-10-02,2602
7222,日産車体,2016-02-05,2026-10-02,2602
7224,新明和工,2016-02-05,2026-10-02,2602
7226,極東開発,2016-02-05,2026-10-02,2602
7231,トピー,2016-02-05,2026-10-02,2602
7238,曙ブレーキ,2016-02-05,2026-10-02,2602
7240,ＮＯＫ,2016-02-05,2026-09-28,2598
7242,カヤバ,2016-02-05,2026-10-02,2602
7246,プレス工,2016-02-05,2026-10-02,2602
7259,アイシン,2016-02-05,2026-10-02,2602
7261,マツダ,2016-02-05,2026-10-02,2602
7267,ホンダ,2016-02-05,2026-10-02,2602
7269,スズキ,2016-02-05,2026-10-02,2602
7270,スバル,2016-02-05,2026-10-02,2602
7272,ヤマハ発,2016-02-05,2026-10-02,2602
7276,小糸製,2016-02-05,2026-10-02,2602
7278,エクセディ,2016-02-05,2026-10-02,2602
7279,ハイレックス,2016-02-05,2026-10-02,2602
7282,豊田合成,2016-02-05,2026-10-02,2602
7283,愛三工業,2016-02-05,2026-10-02,2602
7287,日本精機,2016-02-05,2026-10-02,2602
7296,FCC,2016-02-05,2026-10-02,2602
7309,シマノ,2016-02-05,2026-10-02,2602
7313,TSテック,2016-02-05,2026-10-02,2602
7322,三十三F,2018-04-02,2026-10-02,2074
7327,第四北越F,2018-10-01,2026-10-02,1950
7337,ひろぎん,2020-10-01,2026-10-02,1467
7350,おきなわF,2021-10-01,2026-10-02,1222
7380,十六F,2021-10-01,2026-10-02,1222
7381,CCI北國銀,2021-10-01,2026-10-02,1222
7389,あいちF,2022-10-03,2026-10-02,977
7412,アトム,2016-02-05,2026-10-02,2602
7419,ノジマ,2016-02-05,2026-10-02,2602
7421,カッパ寿司,2016-02-05,2026-10-02,2602
7453,良品計画,2016-02-05,2026-10-02,2602
7456,松田産業,2016-02-05,2026-10-02,2602
7458,第一興商,2016-02-05,2026-10-02,2602
7459,メディパル,2016-02-05,2026-10-02,2602
7476,アズワン,2016-02-05,2026-10-02,2602
7483,ドウシシャ,2016-02-05,2026-10-02,2602
7512,イオン北海道,2016-02-05,2026-10-02,2602
7516,コーナン,2016-02-05,2026-10-02,2602
7532,パン・パシ,2016-02-05,2026-10-02,2602
7545,西松屋,2016-02-05,2026-10-02,2602
7550,ゼンショー,2016-02-05,2026-10-02,2602
7552,ハピネット,2016-02-05,2026-10-02,2602
7564,ワークマン,2016-02-05,2026-10-02,2602
7581,サイゼリヤ,2016-02-05,2026-10-02,2602
7595,アルゴグラ,2016-02-05,2026-10-02,2602
7599,IDOMガリバー,2016-02-05,2026-10-02,2602
7611,ハイデイ日高,2016-02-05,2026-10-02,2602
7613,シークス,2016-02-05,2026-10-02,2602
7616,コロワイド,2016-02-05,2026-10-02,2602
7630,壱番屋,2016-02-05,2026-10-02,2602
7649,スギ,2016-02-05,2026-10-02,2602
7685,バイセル,2019-12-18,2026-10-02,1656
7701,島津製作,2016-02-05,2026-10-02,2602
7716,ナカニシ,2016-02-05,2026-10-02,2602
7729,東京精密,2016-02-05,2026-10-02,2602
7730,マニー,2016-02-05,2026-10-02,2602
7731,ニコン,2016-02-05,2026-10-02,2602
7733,オリンパス,2016-02-05,2026-10-02,2602
7734,理研計器,2016-02-05,2026-10-02,2602
7735,スクリン,2016-02-05,2026-10-02,2602
7740,タムロン,2016-02-05,2026-10-02,2602
7741,HOYA,2016-02-05,2026-10-02,2602
7744,ノーリツ鋼,2016-02-05,2026-10-02,2602
7747,朝日インテク,2016-02-05,2026-10-02,2602
7751,キヤノン,2016-02-05,2026-10-02,2602
7752,リコー,2016-02-05,2026-10-02,2602
7762,シチズン,2016-02-05,2026-10-02,2602
7779,サイバダイン,2016-02-05,2026-10-02,2602
7780,メニコン,2016-02-05,2026-10-02,2602
7803,ブシロード,2019-07-29,2026-10-02,1752
7806,MTG,2018-07-10,2026-10-02,2006
7821,前田工繊,2016-02-05,2026-10-02,2602
7832,バンナム,2016-02-05,2026-10-02,2602
7846,パイロット,2016-02-05,2026-10-02,2602
7864,フジシール,2016-02-05,2026-10-02,2602
7867,タカラトミー,2016-02-05,2026-10-02,2602
7868,広済堂,2016-02-05,2026-10-02,2602
7906,ヨネックス,2016-02-05,2026-10-02,2602
7911,凸版,2016-02-05,2026-10-02,2602
7912,大日印,2016-02-05,2026-10-02,2602
7936,アシックス,2016-02-05,2026-10-02,2602
7943,ニチハ,2016-02-05,2026-10-02,2602
7947,エフピコ,2016-02-05,2026-10-02,2602
7951,ヤマハ,2016-02-05,2026-10-02,2602
7956,ピジョン,2016-02-05,2026-10-02,2602
7965,象印,2016-02-05,2026-10-02,2602
7966,リンテック,2016-02-05,2026-10-02,2602
7970,信越ポリマ,2016-02-05,2026-10-02,2602
7972,イトーキ,2016-02-05,2026-10-02,2602
7974,任天堂,2016-02-05,2026-10-02,2602
7976,三菱鉛筆,2016-02-05,2026-10-02,2602
7981,タカラスタ,2016-02-05,2026-10-02,2602
7984,コクヨ,2016-02-05,2026-10-02,2602
7988,ニフコ,2016-02-05,2026-10-02,2602
7994,オカムラ,2016-02-05,2026-10-02,2602
7995,日本バルカ,2016-02-05,2026-10-02,2602
8001,伊藤忠,2016-02-05,2026-10-02,2602
8002,丸紅,2016-02-05,2026-10-02,2602
8012,長瀬産業,2016-02-05,2026-10-02,2602
8015,豊田通商,2016-02-05,2026-10-02,2602
8020,兼松,2016-02-05,2026-10-02,2602
8022,ミズノ,2016-02-05,2026-10-02,2602
8031,三井物,2016-02-05,2026-10-02,2602
8032,日本紙パルプ,2016-02-05,2026-10-02,2602
8035,東エレク,2016-02-05,2026-10-02,2602
8043,スタゼン,2016-02-05,2026-10-02,2602
8050,セイコー,2016-02-05,2026-10-02,2602
8051,山善,2016-02-05,2026-10-02,2602
8053,住友商,2016-02-05,2026-10-02,2602
8056,BIPROGY,2016-02-05,2026-10-02,2602
8057,内田洋行,2016-02-05,2026-10-02,2602
8058,三菱商,2016-02-05,2026-10-02,2602
8060,キヤノンMJ,2016-02-05,2026-10-02,2602
8066,三谷商事,2016-02-05,2026-10-02,2602
8074,ユアサ商事,2016-02-05,2026-10-02,2602
8078,阪和興業,2016-02-05,2026-10-02,2602
8086,ニプロ,2016-02-05,2026-10-02,2602
8088,岩谷産業,2016-02-05,2026-10-02,2602
8097,三愛オブリ,2016-02-05,2026-10-02,2602
8098,稲畑産業,2016-02-05,2026-10-02,2602
8101,GSIクレオス,2016-02-05,2026-10-02,2602
8111,ゴールドウイ,2016-02-05,2026-10-02,2602
8113,ユニチャーム,2016-02-05,2026-10-02,2602
8117,中央自動車工,2016-02-05,2026-10-02,2602
8129,東邦,2016-02-05,2026-10-02,2602
8130,サンゲツ,2016-02-05,2026-10-02,2602
8131,ミツウロコ,2016-02-05,2026-10-02,2602
8133,伊藤忠エネ,2016-02-05,2026-10-02,2602
8136,サンリオ,2016-02-05,2026-10-02,2602
8153,モスフード,2016-02-05,2026-10-02,2602
8154,加賀電子,2016-02-05,2026-10-02,2602
8160,木曽路,2016-02-05,2026-10-02,2602
8174,日本瓦斯,2016-02-05,2026-10-02,2602
8179,ロイヤル,2016-02-05,2026-10-02,2602
8194,ライフ,2016-02-05,2026-10-02,2602
8198,マックスV東海,2016-02-05,2026-10-02,2602
8214,ＡＯＫＩ,2016-02-05,2026-10-02,2602
8218,コメリ,2016-02-05,2026-10-02,2602
8219,青山商事,2016-02-05,2026-10-02,2602
8227,しまむら,2016-02-05,2026-10-02,2602
8233,高島屋,2016-02-05,2026-10-02,2602
8242,H2Oリテ,2016-02-05,2026-10-02,2602
8244,近鉄百貨店,2016-02-05,2026-10-02,2602
8252,丸井,2016-02-05,2026-10-02,2602
8253,クレセゾン,2016-02-05,2026-10-02,2602
8267,イオン,2016-02-05,2026-10-02,2602
8273,イズミ,2016-02-05,2026-10-02,2602
8276,平和堂,2016-02-05,2026-10-02,2602
8278,フジ,2016-02-05,2026-10-02,2602
8282,ケーズ,2016-02-05,2026-10-02,2602
8303,SBI新生銀,2021-02-02,2026-10-02,842
8304,あおぞら銀,2016-02-05,2026-10-02,2602
8306,三菱UFJ,2016-02-05,2026-10-02,2602
8308,りそな,2016-02-05,2026-10-02,2602
8309,三井住友信,2016-02-05,2026-10-02,2602
8316,三井住友,2016-02-05,2026-10-02,2602
8331,千葉銀,2016-02-05,2026-10-02,2602
8334,群馬銀,2016-02-05,2026-10-02,2602
8336,武蔵野銀,2016-02-05,2026-10-02,2602
8337,千葉興業銀,2016-02-05,2026-10-02,2602
8341,七十七銀,2026-08-24,2026-10-02,27
8345,岩手銀,2016-02-05,2026-10-02,2602
8346,東邦銀,2016-02-05,2026-10-02,2602
8354,ふくおか銀,2016-02-05,2026-10-02,2602
8358,スルガ銀,2016-02-05,2026-10-02,2602
8359,八十二長野銀,2016-02-05,2026-10-02,2602
8360,山梨中央銀,2016-02-05,2026-10-02,2602
8361,大垣共立銀,2016-02-05,2026-10-02,2602
8366,滋賀銀,2016-02-05,2026-10-02,2602
8367,南都銀,2016-02-05,2026-10-02,2602
8368,百五銀,2016-02-05,2026-10-02,2602
8370,紀陽銀,2016-02-05,2026-10-02,2602
8377,ほくほく,2016-02-05,2026-10-02,2602
8381,山陰合同銀,2016-02-05,2026-10-02,2602
8386,百十四銀,2016-02-05,2026-10-02,2602
8388,阿波銀,2016-02-05,2026-10-02,2602
8392,大分銀,2016-02-05,2026-10-02,2602
8393,宮崎銀,2016-02-05,2026-10-02,2602
8410,セブン銀,2016-02-05,2026-10-02,2602
8411,みずほ,2016-02-05,2026-10-02,2602
8418,山口F,2016-02-05,2026-10-02,2602
8421,信金中央金庫,2016-02-05,2026-10-02,2602
8424,芙蓉総合リース,2016-02-05,2026-10-02,2602
8425,みずほリース,2016-02-05,2026-10-02,2602
8439,東京センチュリ,2016-02-05,2026-10-02,2602
8473,SBI,2016-02-05,2026-10-02,2602
8511,日証金,2016-02-05,2026-10-02,2602
8522,名古屋銀,2016-02-05,2026-10-02,2602
8524,北洋銀,2016-02-05,2026-10-02,2602
8544,京葉銀,2016-02-05,2026-10-02,2602
8566,リコーリース,2016-02-05,2026-10-02,2602
8570,イオンF,2016-02-05,2026-10-02,2602
8572,アコム,2016-02-05,2026-10-02,2602
8584,ジャックス,2016-02-05,2026-10-02,2602
8585,オリコ,2016-02-05,2026-10-02,2602
8591,オリックス,2016-02-05,2026-10-02,2602
8593,三菱ＨＣキャピ,2016-02-05,2026-10-02,2602
8595,ジャフコ,2016-02-05,2026-10-02,2602
8600,トモニ,2016-02-05,2026-10-02,2602
8601,大和証券,2016-02-05,2026-10-02,2602
8604,野村証券,2016-02-05,2026-10-02,2602
8609,岡三証券,2016-02-05,2026-10-02,2602
8613,丸三証券,2016-02-05,2026-10-02,2602
8616,東海東京F,2016-02-05,2026-10-02,2602
8628,松井証券,2016-02-05,2026-10-02,2602
8630,SOMPO,2016-02-05,2026-10-02,2602
8697,日本取引所,2016-02-05,2026-10-02,2602
8698,マネックス証,2016-02-05,2026-10-02,2602
8706,極東証券,2016-02-05,2026-10-02,2602
8708,アイザワ証券,2016-02-05,2026-10-02,2602
8714,池田泉州,2016-02-05,2026-10-02,2602
8725,MS&AD,2016-02-05,2026-10-02,2602
8729,ソニーF,2025-09-29,2026-10-02,245
8739,スパークス,2016-02-04,2026-10-02,2603
8750,第一生命,2016-02-05,2026-10-02,2602
8766,東京海上,2016-02-05,2026-10-02,2602
8795,T&D,2016-02-05,2026-10-02,2602
8801,三井不,2016-02-05,2026-10-02,2602
8802,菱地所,2016-02-05,2026-10-02,2602
8803,平和不動産,2016-02-05,2026-10-02,2602
8804,東建物,2016-02-05,2026-10-02,2602
8830,住友不,2016-02-05,2026-10-02,2602
8848,レオパレス21,2016-02-05,2026-10-02,2602
8850,スターツ,2016-02-05,2026-10-02,2602
8871,ゴールドクレスト,2016-02-05,2026-10-02,2602
8876,リログループ,2016-02-05,2026-10-02,2602
8877,エスリード,2016-02-05,2026-10-02,2602
8892,エスコン,2016-02-05,2026-10-02,2602
8919,カチタス,2017-12-12,2026-10-02,2147
8923,トーセイ,2016-02-05,2026-10-02,2602
8934,サンフロンティア不,2016-02-05,2026-10-02,2602
8951,日本ビルFreit,2016-02-05,2026-10-02,2602
8952,ジャパンリアルreit,2016-02-05,2026-10-02,2602
8953,日本都市Freit,2016-02-05,2026-10-02,2602
8954,オリックス不reit,2016-02-05,2026-10-02,2602
8955,日本プライムreit,2016-02-05,2026-10-02,2602
8956,NTT都市開発reit,2016-02-05,2026-10-02,2602
8957,東急リアルreit,2016-02-05,2026-10-02,2602
8958,グローバルワンreit,2016-02-05,2026-10-02,2602
8960,ユナイテUreit,2016-02-05,2026-10-02,2602
8961,森トラストreit,2016-02-05,2026-10-02,2602
8963,インヴィンシreit,2016-02-05,2026-10-02,2602
8964,フロンティアreit,2016-02-05,2026-10-02,2602
8966,平和不動産reit,2016-02-05,2026-10-02,2602
8967,日本ロジスreit,2016-02-05,2026-10-02,2602
8968,福岡リートreit,2016-02-05,2026-10-02,2602
8975,いちごオフィreit,2016-02-05,2026-10-02,2602
8976,大和証券Oreit,2016-02-05,2026-10-02,2602
8977,阪急阪神reit,2016-02-05,2026-10-02,2602
8984,大和ハウスreit,2016-02-05,2026-10-02,2602
8985,Jホテルreit,2016-02-05,2026-10-02,2602
8986,大和証券Lreit,2016-02-05,2026-10-02,2602
8987,Jエクセレreit,2016-02-05,2026-10-02,2602
9001,東武,2016-02-05,2026-10-02,2602
9003,相鉄,2016-02-05,2026-10-02,2602
9005,東急,2016-02-05,2026-10-02,2602
9006,京浜急行電,2016-02-05,2026-10-02,2602
9007,小田急,2016-02-05,2026-10-02,2602
9008,京王,2016-02-05,2026-10-02,2602
9009,京成,2016-02-05,2026-10-02,2602
9010,富士急行,2016-02-05,2026-10-02,2602
9020,JR東日本,2016-02-05,2026-10-02,2602
9021,JR西日本,2016-02-05,2026-10-02,2602
9022,JR東海,2016-02-05,2026-10-02,2602
9023,東京地下鉄,2024-10-23,2026-10-02,472
9024,西武,2016-02-05,2026-10-02,2602
9025,鴻池運輸,2016-02-04,2026-10-02,2603
9031,西日本鉄道,2016-02-05,2026-10-02,2602
9037,ハマキョウレク,2016-02-05,2026-10-02,2602
9039,サカイ引越,2016-02-05,2026-10-02,2602
9041,近鉄グループ,2016-02-05,2026-10-02,2602
9042,阪急阪神,2016-02-05,2026-10-02,2602
9044,南海電鉄,2016-02-05,2026-10-02,2602
9045,京阪,2016-02-05,2026-10-02,2602
9048,名古屋鉄道,2016-02-05,2026-10-02,2602
9064,ヤマト,2016-02-05,2026-10-02,2602
9065,山九,2016-02-05,2026-10-02,2602
9068,丸全昭和運,2016-02-05,2026-10-02,2602
9069,センコー,2016-02-05,2026-10-02,2602
9072,ニッコン,2016-02-05,2026-10-02,2602
9075,福山通運,2016-02-05,2026-10-02,2602
9076,セイノー,2016-02-05,2026-10-02,2602
9090,AZCOM丸和,2016-02-05,2026-10-02,2602
9101,郵船,2016-02-05,2026-10-02,2602
9104,商船三井,2016-02-05,2026-10-02,2602
9107,川崎汽,2016-02-05,2026-10-02,2602
9119,飯野海運,2016-02-05,2026-10-02,2602
9142,JR九州,2016-10-25,2026-10-02,2426
9143,SG佐川,2017-12-13,2026-10-02,2146
9147,日通,2022-01-04,2026-10-02,1159
9166,GENDA,2023-07-28,2026-10-02,775
9201,JAL,2016-02-05,2026-10-02,2602
9202,ANA,2016-02-05,2026-10-02,2602
9204,スカイマーク,2022-12-14,2026-10-02,928
9267,Genky,2017-12-21,2026-10-02,2140
9278,ブックオフ,2018-10-01,2026-10-02,1950
9301,三菱倉庫,2016-02-05,2026-10-02,2602
9302,三井倉庫,2016-02-05,2026-10-02,2602
9303,住友倉庫,2016-02-04,2026-10-02,2603
9336,大栄環境,2022-12-14,2026-10-02,928
9347,日本管財,2022-12-14,2026-10-02,928
9364,上組,2016-02-05,2026-10-02,2602
9401,TBS,2016-02-05,2026-10-02,2602
9404,日本テレビ,2016-02-05,2026-10-02,2602
9409,テレビ朝日,2016-02-04,2026-10-02,2603
9412,スカJSAT,2016-02-05,2026-10-02,2602
9413,テレビ東京,2016-02-05,2026-10-02,2602
9418,Unext,2016-02-05,2026-10-02,2602
9432,NTT,2016-02-05,2026-10-02,2602
9433,KDDI,2016-02-05,2026-10-02,2602
9434,SBI,2018-12-19,2026-10-02,1895
9435,光通信,2016-02-01,2026-10-02,2606
9436,沖縄セルラー,2016-02-04,2026-10-02,2603
9449,GMO,2016-02-04,2026-10-02,2603
9468,KADOKAWA,2016-02-04,2026-10-02,2603
9474,ゼンリン,2016-02-04,2026-10-02,2603
9501,東電,2016-02-01,2026-10-02,2606
9502,中部電,2016-02-01,2026-10-02,2606
9503,関西電,2016-02-01,2026-10-02,2606
9504,中国電力,2016-02-04,2026-10-02,2603
9505,北陸電力,2016-02-04,2026-10-02,2603
9506,東北電力,2016-02-04,2026-10-02,2603
9507,四国電力,2016-02-04,2026-10-02,2603
9508,九州電力,2016-02-04,2026-09-28,2599
9509,北海道電,2016-02-04,2026-10-02,2603
9513,Jpower,2016-02-04,2026-10-02,2603
9519,レノバ,2017-02-23,2026-10-02,2345
9531,東ガス,2016-02-04,2026-10-02,2603
9532,大ガス,2016-02-04,2026-10-02,2603
9533,東邦ガス,2016-02-04,2026-10-02,2603
9536,西部ガス,2016-02-04,2026-10-02,2603
9551,メタウォータ,2016-02-04,2026-10-02,2603
9552,クオンツ総研,2022-06-28,2026-10-02,1042
9601,松竹,2016-02-04,2026-10-02,2603
9602,東宝,2016-02-04,2026-10-02,2603
9603,ＨＩＳ,2016-02-04,2026-10-02,2603
9605,東映,2016-02-04,2026-10-02,2603
9616,共立メンテ,2016-02-04,2026-10-02,2603
9627,アイン,2016-02-04,2026-10-02,2603
9672,東京都競馬,2016-02-04,2026-10-02,2603
9678,カナモト,2016-02-04,2026-10-02,2603
9682,DTS,2016-02-04,2026-10-02,2603
9684,スクエニ,2016-02-04,2026-10-02,2603
9697,カプコン,2016-02-04,2026-10-02,2603
9699,ニシオ,2016-02-04,2026-10-02,2603
9706,日本空港ビル,2016-02-04,2026-10-02,2603
9708,帝国ホテル,2016-02-04,2026-10-02,2603
9715,トランスコス,2016-02-04,2026-10-02,2603
9716,乃村工藝社,2016-02-04,2026-10-02,2603
9722,藤田観光,2016-02-04,2026-10-02,2603
9735,セコム,2016-02-04,2026-10-02,2603
9744,メイテック,2016-02-04,2026-10-02,2603
9746,TKC,2016-02-04,2026-10-02,2603
9757,船井総研,2016-02-04,2026-10-02,2603
9759,NSD,2016-02-04,2026-10-02,2603
9766,コナミ,2016-02-04,2026-10-02,2603
9793,ダイセキ,2016-02-04,2026-10-02,2603
9830,トラスコ中山,2016-02-04,2026-10-02,2603
9831,ヤマダ,2016-02-04,2026-10-02,2603
9832,オートバクス,2016-02-04,2026-10-02,2603
9842,アークランズ,2016-02-04,2026-10-02,2603
9843,ニトリ,2016-02-04,2026-10-02,2603
9861,吉野家,2016-02-04,2026-10-02,2603
9869,加藤産業,2016-02-04,2026-10-02,2603
9882,イエロハット,2016-02-04,2026-10-02,2603
9887,松屋フーズ,2016-02-04,2026-10-02,2603
9928,ミロク情報,2016-02-04,2026-10-02,2603
9934,因幡電機,2016-02-04,2026-10-02,2603
9936,王将,2016-02-04,2026-10-02,2603
9948,アークス,2016-02-04,2026-10-02,2603
9956,バロー,2016-02-04,2026-10-02,2603
9960,東テク,2016-02-04,2026-10-02,2603
9962,ミスミ,2016-02-04,2026-10-02,2603
9974,ベルク,2016-02-04,2026-10-02,2603
9983,ファストリ,2016-02-04,2026-10-02,2603
9984,ソフバンクG,2016-02-04,2026-10-02,2603
9987,スズケン,2016-02-04,2026-10-02,2603
9989,サンドラッグ,2016-02-04,2026-10-02,2603
