code,market_cap_million,as_of,close,finance_date,net_profit,eps,estimated_shares,source
1332,332980.921,2026-10-02,1098,2026-08-06,7439000000,24.53,303261312.678,NP/EPS*close
1333,182276.761,2026-10-02,1209.5,2026-08-04,3424000000,22.72,150704225.352,NP/EPS*close
1414,253055.113,2026-10-02,1247,2026-08-10,15439000000,76.08,202931125.131,NP/EPS*close
1417,304137.887,2026-10-02,3441,2026-08-07,1857000000,21.01,88386482.627,NP/EPS*close
1605,4297226.669,2026-10-02,3696,2026-08-07,263147000000,226.33,1162669553.307,NP/EPS*close
1719,278518.826,2026-10-02,1775.5,2026-08-05,4237000000,27.01,156867826.731,NP/EPS*close
1721,634023.63,2026-10-02,5487,2026-08-14,8538000000,73.89,115550142.103,NP/EPS*close
1801,1973990.033,2026-10-02,12110,2026-08-06,30909000000,189.62,163004957.283,NP/EPS*close
1802,2038066.028,2026-10-02,2965,2026-08-07,39091000000,56.87,687374714.261,NP/EPS*close
1803,1419118.75,2026-10-02,2089.5,2026-07-30,55257000000,81.36,679166666.667,NP/EPS*close
1808,685690.838,2026-10-02,2589.5,2026-08-06,21287000000,80.39,264796616.495,NP/EPS*close
1812,2268928.707,2026-10-02,4884,2026-08-05,30926000000,66.57,464563617.245,NP/EPS*close
1820,209216.036,2026-10-02,5299,2026-08-07,4651000000,117.8,39482173.175,NP/EPS*close
1860,415667.169,2026-10-02,1404,2026-08-07,11795000000,39.84,296059236.948,NP/EPS*close
1878,1013189.048,2026-10-02,3110,2026-07-31,23678000000,72.68,325784259.769,NP/EPS*close
1893,394234.43,2026-10-02,1449,2026-08-07,7112000000,26.14,272073450.65,NP/EPS*close
1911,723779.761,2026-10-02,1180.5,2026-08-07,26885000000,43.85,613112884.835,NP/EPS*close
1925,1328143.624,2026-10-02,2144.5,2026-08-06,83194000000,134.33,619325541.577,NP/EPS*close
1928,2145803.162,2026-10-02,3310,2026-09-10,125053000000,192.9,648278900.985,NP/EPS*close
1942,1097788.075,2026-10-02,5516,2026-07-31,13185000000,66.25,199018867.925,NP/EPS*close
1944,1296572.863,2026-10-02,6838,2026-07-29,9894000000,52.18,189612878.498,NP/EPS*close
1951,513594.825,2026-10-02,2521.5,2026-08-07,6907000000,33.91,203686228.251,NP/EPS*close
1959,565361.814,2026-10-02,7993,2026-07-30,8415000000,118.97,70732117.341,NP/EPS*close
1963,543118.332,2026-10-02,2245.5,2026-08-07,11617000000,48.03,241869664.793,NP/EPS*close
1969,609918.072,2026-10-02,4661,2026-08-05,6408000000,48.97,130855625.893,NP/EPS*close
2002,546780.784,2026-10-02,1954,2026-08-07,9349000000,33.41,279826399.282,NP/EPS*close
2127,194611.033,2026-10-02,613.5,2026-07-30,2027000000,6.39,317214397.496,NP/EPS*close
2181,614780.866,2026-10-02,279.4,2026-08-07,12190000000,5.54,2200361010.83,NP/EPS*close
2201,196197.344,2026-10-02,2336.5,2026-08-06,4458000000,53.09,83970615.935,NP/EPS*close
2206,312285.842,2026-10-02,4981,2026-08-05,4973000000,79.32,62695410.993,NP/EPS*close
2212,694946.827,2026-10-02,3526,2026-07-31,24197000000,122.77,197092123.483,NP/EPS*close
2222,371286.32,2026-10-02,2405,2026-08-03,2731000000,17.69,154381006.218,NP/EPS*close
2229,365083.954,2026-10-02,3002,2026-07-30,4085000000,33.59,121613575.469,NP/EPS*close
2264,335836.588,2026-10-02,1040.5,2026-08-07,6678000000,20.69,322764620.59,NP/EPS*close
2267,786710.364,2026-10-02,2720,2026-07-31,13591000000,46.99,289231751.436,NP/EPS*close
2269,1100390.36,2026-10-02,4059,2026-08-05,15271000000,56.33,271098881.591,NP/EPS*close
2282,187940.626,2026-10-02,1997,2026-08-07,10772000000,114.46,94111479.993,NP/EPS*close
2327,699148.319,2026-10-02,3821,2026-01-30,21119000000,115.42,182975220.932,NP/EPS*close
2331,561723.975,2026-10-02,1157,2026-02-03,23673000000,48.76,485500410.172,NP/EPS*close
2371,753660.38,2026-10-02,3810,2026-02-04,14369000000,72.64,197811123.348,NP/EPS*close
2413,1188740.638,2026-10-02,1753,2026-02-04,41650000000,61.42,678117876.913,NP/EPS*close
2432,282226.307,2026-10-02,2532,2026-02-05,16821000000,150.91,111463786.363,NP/EPS*close
2433,474332.558,2026-10-02,1298,2026-02-12,10371000000,28.38,365433403.805,NP/EPS*close
2501,716849.7,2026-10-02,1839,2026-02-13,19498000000,50.02,389804078.369,NP/EPS*close
2502,2362828.257,2026-10-02,1572,2025-08-07,58725000000,39.07,1503071410.289,NP/EPS*close
2503,2272307.198,2026-10-02,2805,2026-02-13,147542000000,182.13,810091692.747,NP/EPS*close
2531,502806.375,2026-10-02,2600,2026-02-13,10557000000,54.59,193387067.228,NP/EPS*close
2579,648169.431,2026-10-02,3786,2026-02-13,-50763000000,-296.51,171201645.813,NP/EPS*close
2587,1379991.356,2026-10-02,4466,2026-02-12,88723000000,287.13,308999407.934,NP/EPS*close
2593,362346.997,2026-10-02,3085,2025-12-01,9542000000,81.24,117454455.933,NP/EPS*close
2607,363337.932,2026-10-02,4226,2026-02-10,16376000000,190.47,85976794.246,NP/EPS*close
2670,660205.819,2026-10-02,2666.5,2026-07-08,14296000000,57.74,247592656.737,NP/EPS*close
2768,1155878.731,2026-10-02,5535,2026-07-31,30222000000,144.72,208830845.771,NP/EPS*close
2784,396964.477,2026-10-02,2220.5,2026-08-05,2476000000,13.85,178772563.177,NP/EPS*close
2801,1526084.145,2026-10-02,1647.5,2026-08-05,19017000000,20.53,926302971.262,NP/EPS*close
2802,4985248.596,2026-10-02,5212,2026-08-06,36452000000,38.11,956494358.436,NP/EPS*close
2809,585988.223,2026-10-02,4255,2026-07-09,13214000000,95.95,137717561.23,NP/EPS*close
2810,358384.275,2026-10-02,3976,2026-08-04,5136000000,56.98,90136890.137,NP/EPS*close
2811,236774.797,2026-10-02,2616,2026-07-30,4683000000,51.74,90510243.525,NP/EPS*close
285A,10555022.371,2026-10-02,19300,2026-07-31,842165000000,1539.91,546892350.852,NP/EPS*close
2871,522997.211,2026-10-02,2087,2026-08-07,6919000000,27.61,250597609.562,NP/EPS*close
2875,921366.928,2026-10-02,9478,2026-07-31,18230000000,187.53,97211112.889,NP/EPS*close
2897,805715.56,2026-10-02,2806.5,2026-08-04,13275000000,46.24,287089100.346,NP/EPS*close
2914,12125440.183,2026-10-02,6830,2026-07-30,431829000000,243.24,1775320670.942,NP/EPS*close
3003,1278683.561,2026-10-02,1684,2026-07-28,49978000000,65.82,759313278.639,NP/EPS*close
3038,664247.198,2026-10-02,2995,2026-09-29,23354000000,105.3,221785375.119,NP/EPS*close
3048,281677.499,2026-10-02,1645,2026-07-14,19839000000,115.86,171232522.009,NP/EPS*close
3064,1017025.777,2026-10-02,2060,2026-08-04,18578000000,37.63,493701833.643,NP/EPS*close
3086,633187.624,2026-10-02,2559,2026-06-30,9697000000,39.19,247435570.299,NP/EPS*close
3088,961341.181,2026-10-02,2431,2026-08-10,14865000000,37.59,395450917.797,NP/EPS*close
3092,962212.639,2026-10-02,1088,2026-07-31,11895000000,13.45,884386617.1,NP/EPS*close
3099,562272.257,2026-10-02,1607.5,2026-08-13,22316000000,63.8,349780564.263,NP/EPS*close
3105,421506.403,2026-10-02,2698.5,2026-08-06,21590000000,138.22,156200260.454,NP/EPS*close
3107,316027.836,2026-10-02,3644,2026-08-06,5795000000,66.82,86725531.278,NP/EPS*close
3116,380607.118,2026-10-02,2131,2026-07-31,8757000000,49.03,178604935.754,NP/EPS*close
3132,746032.418,2026-10-02,4178,2026-07-27,10928000000,61.2,178562091.503,NP/EPS*close
3197,720197.163,2026-10-02,3167,2026-08-13,10181000000,44.77,227406745.589,NP/EPS*close
3231,729134.301,2026-10-02,853,2026-07-30,14728000000,17.23,854788160.186,NP/EPS*close
3288,819405.096,2026-10-02,7333,2026-08-07,81260000000,727.21,111742137.759,NP/EPS*close
3289,856958.457,2026-10-02,1202,2026-08-06,25502000000,35.77,712943807.66,NP/EPS*close
3291,584250.483,2026-10-02,2114.5,2026-08-07,15172000000,54.91,276306683.664,NP/EPS*close
3349,491235.15,2026-10-02,6198,2026-07-13,32046000000,404.33,79257042.515,NP/EPS*close
3360,224164.908,2026-10-02,2439,2026-08-07,2090000000,22.74,91908531.223,NP/EPS*close
3382,4573323.159,2026-10-02,1978,2026-07-09,60600000000,26.21,2312094620.374,NP/EPS*close
3391,933650.319,2026-10-02,2061,2026-07-14,13477000000,29.75,453008403.361,NP/EPS*close
3397,379854.947,2026-10-02,4167,2026-08-14,3031000000,33.25,91157894.737,NP/EPS*close
3401,314455.241,2026-10-02,1630,2026-08-04,45106000000,233.81,192917326.034,NP/EPS*close
3402,1781511.737,2026-10-02,1223.5,2026-08-06,31262000000,21.47,1456078248.719,NP/EPS*close
3405,536426.777,2026-10-02,1771,2026-08-07,14230000000,46.98,302894848.872,NP/EPS*close
3407,2205854.015,2026-10-02,1630,2026-07-31,53766000000,39.73,1353284671.533,NP/EPS*close
3436,1254875.509,2026-10-02,3588,2026-08-06,-12895000000,-36.87,349742337.944,NP/EPS*close
3549,418892.476,2026-10-02,4411,2026-10-01,6866000000,72.3,94965421.853,NP/EPS*close
3563,1150147.118,2026-10-02,5067,2026-08-07,26578000000,117.09,226987787.172,NP/EPS*close
3591,178241.484,2026-10-02,3605,2026-08-10,1553000000,31.41,49442852.595,NP/EPS*close
3626,861846.729,2026-10-02,4032,2026-07-30,14409000000,67.41,213751668.892,NP/EPS*close
3635,549694.848,2026-10-02,1645.5,2026-07-27,11348000000,33.97,334059464.233,NP/EPS*close
3659,2121042.561,2026-10-02,2685,2026-08-13,86864000000,109.96,789959985.449,NP/EPS*close
3697,231259.896,2026-10-02,890.4,2026-07-15,3979000000,15.32,259725848.564,NP/EPS*close
3769,644190.751,2026-10-02,8484,2026-08-14,18981000000,249.98,75930074.406,NP/EPS*close
3774,614307.18,2026-10-02,3465,2026-08-07,4395000000,24.79,177289229.528,NP/EPS*close
3861,717808.37,2026-10-02,835.4,2026-08-05,3162000000,3.68,859239130.435,NP/EPS*close
3923,360817.74,2026-10-02,1019,2026-08-14,14631000000,41.32,354090029.042,NP/EPS*close
3941,372361.614,2026-10-02,1511,2026-08-05,11575000000,46.97,246433893.975,NP/EPS*close
3994,331081.1,2026-10-02,5987,2026-07-13,553000000,10,55300000,NP/EPS*close
4004,3133944.526,2026-10-02,17280,2026-08-06,48451000000,267.15,181362530.414,NP/EPS*close
4005,949048.324,2026-10-02,574.8,2026-08-04,40782000000,24.7,1651093117.409,NP/EPS*close
4021,1124183.617,2026-10-02,8392,2026-08-07,16844000000,125.74,133958962.939,NP/EPS*close
4042,801455.42,2026-10-02,2603,2026-08-04,19456000000,63.19,307896819.117,NP/EPS*close
4043,292140.503,2026-10-02,4061,2026-07-29,5204000000,72.34,71938070.224,NP/EPS*close
4045,190700.99,2026-10-02,1792,2026-07-31,6019000000,56.56,106417963.225,NP/EPS*close
4061,274127.956,2026-10-02,3180,2026-08-07,2843000000,32.98,86203759.854,NP/EPS*close
4062,3380227.627,2026-10-02,12100,2026-08-04,17918000000,64.14,279357655.129,NP/EPS*close
4063,11207541.838,2026-10-02,6030,2026-07-24,130829000000,70.39,1858630487.285,NP/EPS*close
4091,2314351.01,2026-10-02,5347,2026-08-06,43716000000,101,432831683.168,NP/EPS*close
4114,376025.199,2026-10-02,2545,2026-08-07,10378000000,70.24,147750569.476,NP/EPS*close
4118,358940.859,2026-10-02,5960,2026-08-13,8941000000,148.46,60224976.425,NP/EPS*close
4151,1167546.854,2026-10-02,2230,2026-08-03,30618000000,58.48,523563611.491,NP/EPS*close
417A,370205.687,2026-10-02,1818,2026-08-10,7734000000,37.98,203633491.311,NP/EPS*close
4182,762388.765,2026-10-02,3915,2026-05-13,-40318000000,-207.04,194735316.847,NP/EPS*close
4183,759488.545,2026-10-02,2101,2026-08-05,32093000000,88.78,361489074.116,NP/EPS*close
4186,1068112.167,2026-10-02,8908,2026-08-06,20409000000,170.21,119904823.453,NP/EPS*close
4188,1553048.222,2026-10-02,1143,2026-08-07,57706000000,42.47,1358747351.071,NP/EPS*close
4194,354228.207,2026-10-02,8804,2026-09-10,18566000000,461.44,40234916.782,NP/EPS*close
4202,358821.282,2026-10-02,1405,2026-07-31,9360000000,36.65,255388813.097,NP/EPS*close
4203,752877.562,2026-10-02,8581,2026-08-03,10933000000,124.61,87737741.754,NP/EPS*close
4204,1008826.349,2026-10-02,2499,2026-07-31,12793000000,31.69,403692016.409,NP/EPS*close
4205,459417.597,2026-10-02,2401,2026-07-29,12711000000,66.43,191344272.166,NP/EPS*close
4206,264980.27,2026-10-02,4188,2026-08-04,4727000000,74.71,63271315.754,NP/EPS*close
4208,322439.119,2026-10-02,3319,2026-08-07,4192000000,43.15,97149478.563,NP/EPS*close
4272,308416.833,2026-10-02,2083.5,2026-08-03,6081000000,41.08,148028237.585,NP/EPS*close
4307,2883334.306,2026-10-02,5075,2026-07-30,29214000000,51.42,568144690.782,NP/EPS*close
4324,923099.86,2026-10-02,3556,2026-08-14,46277000000,178.27,259589386.885,NP/EPS*close
4385,584576.446,2026-10-02,3546,2026-08-05,35401000000,214.74,164855173.698,NP/EPS*close
4401,448633.243,2026-10-02,4612,2026-08-07,10710000000,110.1,97275204.36,NP/EPS*close
4403,566752.46,2026-10-02,2510,2026-08-05,7571000000,33.53,225797793.021,NP/EPS*close
4452,3111209.948,2026-10-02,3439,2026-08-05,65662000000,72.58,904684486.084,NP/EPS*close
4502,8915152.421,2026-10-02,5643,2026-07-30,113197000000,71.65,1579860432.659,NP/EPS*close
4503,4022790.398,2026-10-02,2245,2026-08-05,141828000000,79.15,1791888818.699,NP/EPS*close
4506,702835.969,2026-10-02,1613.5,2026-07-31,16997000000,39.02,435597129.677,NP/EPS*close
4507,2370708.614,2026-10-02,2786,2026-08-03,97696000000,114.81,850936329.588,NP/EPS*close
4516,227685.038,2026-10-02,3378,2026-08-06,10109000000,149.98,67402320.309,NP/EPS*close
4519,9926927.766,2026-10-02,6032,2026-07-24,231749000000,140.82,1645710836.529,NP/EPS*close
4523,1324948.231,2026-10-02,4700,2026-08-03,18242000000,64.71,281903878.844,NP/EPS*close
4527,629872.72,2026-10-02,2788,2026-08-06,10650000000,47.14,225922783.199,NP/EPS*close
4528,1075988.132,2026-10-02,2290,2026-07-31,24151000000,51.4,469863813.23,NP/EPS*close
4536,528942.225,2026-10-02,1645.5,2026-08-06,7194000000,22.38,321447721.18,NP/EPS*close
4540,276004.513,2026-10-02,3703,2026-08-06,6457000000,86.63,74535380.353,NP/EPS*close
4543,3309608.944,2026-10-02,2243.5,2026-08-07,70426000000,47.74,1475198994.554,NP/EPS*close
4544,190528.11,2026-10-02,3445,2026-08-12,1574000000,28.46,55305692.2,NP/EPS*close
4568,5012787.934,2026-10-02,2709,2026-07-31,279728000000,151.17,1850420056.89,NP/EPS*close
4578,5975521.228,2026-10-02,11320,2026-04-28,98348000000,186.31,527872900.005,NP/EPS*close
4587,138679.819,2026-10-02,1076,2026-08-12,-1999000000,-15.51,128884590.587,NP/EPS*close
4612,2689100.993,2026-10-02,1158.5,2026-08-07,105150000000,45.3,2321192052.98,NP/EPS*close
4613,485973.954,2026-10-02,2760.5,2026-08-07,6482000000,36.82,176045627.376,NP/EPS*close
4626,534124.629,2026-10-02,4800,2026-07-31,7500000000,67.4,111275964.392,NP/EPS*close
4631,462410.861,2026-10-02,4883,2026-08-10,37187000000,392.69,94698107.922,NP/EPS*close
4661,4619261.338,2026-10-02,2816.5,2026-07-30,41297000000,25.18,1640071485.306,NP/EPS*close
4665,217020.687,2026-10-02,4610,2026-08-10,2890000000,61.39,47076071.021,NP/EPS*close
4666,302309.875,2026-10-02,1771,2026-08-31,36354000000,212.97,170700098.605,NP/EPS*close
4676,553202.007,2026-10-02,3884,2026-08-04,10218000000,71.74,142431000.836,NP/EPS*close
4680,326283.216,2026-10-02,1241,2026-08-10,3368000000,12.81,262919594.067,NP/EPS*close
4681,368040.563,2026-10-02,1733.5,2026-08-12,5467000000,25.75,212310679.612,NP/EPS*close
4684,2168225.014,2026-10-02,5064,2026-07-22,22697000000,53.01,428164497.265,NP/EPS*close
4689,3412995.75,2026-10-02,497.9,2026-08-03,58060000000,8.47,6854781582.054,NP/EPS*close
4704,885053.342,2026-10-02,6798,2026-08-13,15230000000,116.98,130193195.418,NP/EPS*close
4716,1240767.648,2026-10-02,9682,2026-09-24,18245000000,142.37,128151998.314,NP/EPS*close
4732,834155.938,2026-10-02,1816,2026-08-04,10946000000,23.83,459336970.206,NP/EPS*close
4733,614792.11,2026-10-02,8180,2026-07-22,4877000000,64.89,75157959.624,NP/EPS*close
4751,624160.476,2026-10-02,1231,2026-08-07,36035000000,71.07,507035317.293,NP/EPS*close
4755,1440166.223,2026-10-02,662.1,2026-08-10,-10941000000,-5.03,2175149105.368,NP/EPS*close
4768,1393508.151,2026-10-02,3675,2026-08-03,36982000000,97.53,379185891.521,NP/EPS*close
4887,183444.914,2026-10-02,1589,2026-08-10,2429000000,21.04,115446768.061,NP/EPS*close
4901,3967470.761,2026-10-02,3314,2026-08-06,37424000000,31.26,1197184900.832,NP/EPS*close
4902,319207.37,2026-10-02,645.8,2026-07-30,7780000000,15.74,494282083.863,NP/EPS*close
4911,1303039.787,2026-10-02,3261,2026-08-05,29697000000,74.32,399582884.822,NP/EPS*close
4912,477467.959,2026-10-02,1726,2026-08-07,10844000000,39.2,276632653.061,NP/EPS*close
4922,306466.046,2026-10-02,5385,2026-08-06,5682000000,99.84,56911057.692,NP/EPS*close
4927,294974.179,2026-10-02,1333,2026-08-06,6539000000,29.55,221285956.007,NP/EPS*close
4967,528028.254,2026-10-02,7107,2026-08-06,1136000000,15.29,74296926.095,NP/EPS*close
4980,567805.342,2026-10-02,3389,2026-08-04,6241000000,37.25,167543624.161,NP/EPS*close
5016,3374803.521,2026-10-02,3612,2026-08-06,53070000000,56.8,934330985.915,NP/EPS*close
5019,1888917.441,2026-10-02,1560,2026-08-14,217504000000,179.63,1210844513.723,NP/EPS*close
5020,3660334.221,2026-10-02,1364,2026-08-07,414981000000,154.64,2683529487.843,NP/EPS*close
5021,660551.857,2026-10-02,4160,2026-08-06,84006000000,529.05,158786504.111,NP/EPS*close
5076,679182.858,2026-10-02,2695.5,2026-08-07,76135000000,302.16,251969155.414,NP/EPS*close
5101,1110162.597,2026-10-02,7061,2026-08-10,72578000000,461.62,157224556.995,NP/EPS*close
5105,601378.989,2026-10-02,3905,2026-08-07,29436000000,191.14,154002301.978,NP/EPS*close
5108,4774072.872,2026-10-02,3780,2026-08-07,206245000000,163.3,1262982241.274,NP/EPS*close
5110,520322.84,2026-10-02,1979.5,2026-08-06,25865000000,98.4,262855691.057,NP/EPS*close
5201,1219220.591,2026-10-02,5749,2026-08-04,35512000000,167.45,212075246.342,NP/EPS*close
5214,375821.473,2026-10-02,5059,2026-07-31,6414000000,86.34,74287699.792,NP/EPS*close
5232,59147.46,2026-10-02,1866,2026-08-04,2196000000,69.28,31697459.584,NP/EPS*close
5233,452148.52,2026-10-02,4100,2026-08-06,8346000000,75.68,110280126.85,NP/EPS*close
5301,487521.221,2026-10-02,2318,2026-08-05,7235000000,34.4,210319767.442,NP/EPS*close
5332,1002375.833,2026-10-02,6097,2026-07-31,6905000000,42,164404761.905,NP/EPS*close
5333,1599839.008,2026-10-02,5624,2026-08-06,29374000000,103.26,284466395.506,NP/EPS*close
5334,734053.711,2026-10-02,3758,2026-07-31,97267000000,497.96,195330950.277,NP/EPS*close
5344,719944.469,2026-10-02,58350,2026-07-29,4466000000,361.96,12338379.931,NP/EPS*close
5393,671366.919,2026-10-02,3553,2026-08-04,8231000000,43.56,188957759.412,NP/EPS*close
5401,3359694.965,2026-10-02,642.5,2026-08-04,75299000000,14.4,5229097222.222,NP/EPS*close
5406,787382.815,2026-10-02,1992.5,2026-08-05,12199000000,30.87,395173307.418,NP/EPS*close
5411,1088466.47,2026-10-02,1711,2026-08-05,31229000000,49.09,636158077.001,NP/EPS*close
5444,718483.666,2026-10-02,12025,2026-07-31,12291000000,205.71,59749161.441,NP/EPS*close
5463,368513.514,2026-10-02,1666.5,2026-08-07,5400000000,24.42,221130221.13,NP/EPS*close
5471,493818.505,2026-10-02,2471,2026-07-28,9061000000,45.34,199845610.94,NP/EPS*close
5631,528580.943,2026-10-02,7182,2026-08-03,5932000000,80.6,73598014.888,NP/EPS*close
5706,146082.984,2026-10-02,2553.5,2026-08-07,16824000000,294.08,57208922.742,NP/EPS*close
5711,651065.64,2026-10-02,4981,2026-08-06,51284000000,392.35,130709825.411,NP/EPS*close
5713,2617965.648,2026-10-02,9724,2026-08-10,87935000000,326.62,269227236.544,NP/EPS*close
5714,514748.067,2026-10-02,8703,2026-08-07,23452000000,396.51,59146049.28,NP/EPS*close
5801,3115577.247,2026-10-02,4429,2026-08-06,22229000000,31.6,703449367.089,NP/EPS*close
5802,7648996.148,2026-10-02,2452,2026-07-31,66414000000,21.29,3119492719.587,NP/EPS*close
5803,9268619.432,2026-10-02,5598,2026-08-07,80434000000,48.58,1655701934.953,NP/EPS*close
5830,1107914.946,2026-10-02,3857,2026-08-07,24350000000,84.77,287247847.116,NP/EPS*close
5831,1893602.205,2026-10-02,3568,2026-08-06,32740000000,61.69,530718106.662,NP/EPS*close
5832,659775.586,2026-10-02,3711,2026-07-30,13880000000,78.07,177789163.571,NP/EPS*close
5838,1089782.129,2026-10-02,6245,2026-08-06,20965000000,120.14,174504744.465,NP/EPS*close
5844,1333779.692,2026-10-02,4708,2026-07-31,20256000000,71.5,283300699.301,NP/EPS*close
5901,663148.842,2026-10-02,4406,2026-08-05,15334000000,101.88,150510404.397,NP/EPS*close
5929,717077.143,2026-10-02,3421,2026-08-10,4842000000,23.1,209610389.61,NP/EPS*close
5938,483218.607,2026-10-02,1681,2026-08-07,-3507000000,-12.2,287459016.393,NP/EPS*close
5947,462347.103,2026-10-02,3349,2026-08-06,6744000000,48.85,138055271.238,NP/EPS*close
5991,701116.656,2026-10-02,3461,2026-08-06,15726000000,77.63,202576323.586,NP/EPS*close
6005,346802.222,2026-10-02,2998,2026-08-07,4582000000,39.61,115677859.126,NP/EPS*close
6098,23238117.473,2026-10-02,16685,2026-08-07,202618000000,145.48,1392755017.872,NP/EPS*close
6113,815362.138,2026-10-02,2626.5,2026-08-06,5473000000,17.63,310436755.53,NP/EPS*close
6134,708460.078,2026-10-02,8059,2026-08-03,12622000000,143.58,87909179.551,NP/EPS*close
6136,299790.674,2026-10-02,3649,2026-07-10,12501000000,152.16,82156940.063,NP/EPS*close
6141,539618.363,2026-10-02,2846,2026-08-04,4378000000,23.09,189605889.996,NP/EPS*close
6146,6539203.48,2026-10-02,60290,2026-07-23,34221000000,315.51,108462489.303,NP/EPS*close
6178,6853159.419,2026-10-02,2465,2026-08-07,125303000000,45.07,2780186376.747,NP/EPS*close
6268,577261.645,2026-10-02,4926,2026-09-30,6798000000,58.01,117186691.95,NP/EPS*close
6269,595307.027,2026-10-02,8711,2026-08-07,36382000000,532.37,68339688.562,NP/EPS*close
6273,4632426.604,2026-10-02,73450,2026-08-07,67863000000,1076.01,63069116.458,NP/EPS*close
6301,6727122.201,2026-10-02,7500,2026-07-29,96153000000,107.2,896949626.866,NP/EPS*close
6302,742953.579,2026-10-02,6216,2026-08-04,22040000000,184.4,119522776.573,NP/EPS*close
6305,1180796.403,2026-10-02,5550,2026-07-30,28037000000,131.78,212756108.666,NP/EPS*close
6323,731512.041,2026-10-02,4218,2026-07-09,8210000000,47.34,173426277.989,NP/EPS*close
6326,3046457.394,2026-10-02,2683,2026-08-04,173681000000,152.96,1135466788.703,NP/EPS*close
6361,2146197.634,2026-10-02,4701,2026-08-14,33574000000,73.54,456540658.145,NP/EPS*close
6367,5878829.508,2026-10-02,20585,2026-08-04,80136000000,280.6,285588025.659,NP/EPS*close
6368,117016.192,2026-10-02,2545,2026-08-03,3436000000,74.73,45978857.219,NP/EPS*close
6370,851531.897,2026-10-02,7825,2026-08-06,14346000000,131.83,108821967.686,NP/EPS*close
6383,2156228.692,2026-10-02,5851,2026-08-06,43143000000,117.07,368523105.834,NP/EPS*close
6417,408736.375,2026-10-02,2069.5,2026-08-06,8074000000,40.88,197504892.368,NP/EPS*close
6436,258992.308,2026-10-02,3741,2026-07-28,819000000,11.83,69230769.231,NP/EPS*close
6448,1153290.966,2026-10-02,4649,2026-08-06,49947000000,201.34,248072911.493,NP/EPS*close
6457,227719.019,2026-10-02,4390,2026-08-07,3491000000,67.3,51872213.967,NP/EPS*close
6460,665903.271,2026-10-02,3285,2026-08-07,2169000000,10.7,202710280.374,NP/EPS*close
6465,725661.922,2026-10-02,5176,2026-08-06,22297000000,159.04,140197434.608,NP/EPS*close
6471,541553.555,2026-10-02,1107,2026-07-30,9701000000,19.83,489208270.298,NP/EPS*close
6472,224100.247,2026-10-02,376.6,2026-08-04,1928000000,3.24,595061728.395,NP/EPS*close
6473,674935.788,2026-10-02,2120,2026-07-31,13833000000,43.45,318365937.86,NP/EPS*close
6479,1540219.31,2026-10-02,3835,2026-08-05,21298000000,53.03,401621723.553,NP/EPS*close
6481,730160.197,2026-10-02,6517,2026-08-05,33744000000,301.18,112039312.039,NP/EPS*close
6501,24766640.625,2026-10-02,5522,2026-07-29,189450000000,42.24,4485085227.273,NP/EPS*close
6503,10772953.559,2026-10-02,5264,2026-07-31,109817000000,53.66,2046533730.898,NP/EPS*close
6504,2149690.836,2026-10-02,14655,2026-08-07,20696000000,141.09,146686512.155,NP/EPS*close
6506,1246127.143,2026-10-02,4806,2026-07-10,5445000000,21,259285714.286,NP/EPS*close
6525,2348047.301,2026-10-02,10050,2026-08-06,11558000000,49.47,233636547.402,NP/EPS*close
6526,388477.341,2026-10-02,2217,2026-07-29,-580000000,-3.31,175226586.103,NP/EPS*close
6532,1224036.738,2026-10-02,8096,2026-07-15,10733000000,70.99,151190308.494,NP/EPS*close
6544,264728.81,2026-10-02,1480.5,2026-08-06,1924000000,10.76,178810408.922,NP/EPS*close
6586,1355461.421,2026-10-02,5258,2026-07-29,22866000000,88.7,257790304.397,NP/EPS*close
6592,420406.655,2026-10-02,1717,2026-08-14,12693000000,51.84,244849537.037,NP/EPS*close
6632,142981.143,2026-10-02,1012,2026-08-03,989000000,7,141285714.286,NP/EPS*close
6645,1257793.269,2026-10-02,6396,2026-08-05,10635000000,54.08,196653106.509,NP/EPS*close
6674,546535.492,2026-10-02,5448,2026-08-05,7558000000,75.34,100318555.88,NP/EPS*close
6701,6516313.691,2026-10-02,4913,2026-07-29,49698000000,37.47,1326341072.858,NP/EPS*close
6702,7060321.92,2026-10-02,4069,2026-07-30,40134000000,23.13,1735149156.939,NP/EPS*close
6707,138900.45,2026-10-02,6948,2026-08-13,-1866000000,-93.34,19991429.184,NP/EPS*close
6723,6501259.1,2026-10-02,3575,2026-07-31,217333000000,119.51,1818534013.89,NP/EPS*close
6724,1052306.417,2026-10-02,3284,2026-08-05,12984000000,40.52,320434353.406,NP/EPS*close
6728,399982.614,2026-10-02,8130,2026-08-14,17092000000,347.41,49198353.53,NP/EPS*close
6752,10664425.976,2026-10-02,4568,2026-07-30,135173000000,57.9,2334594127.807,NP/EPS*close
6753,414100.313,2026-10-02,638.1,2026-08-07,3115000000,4.8,648958333.333,NP/EPS*close
6754,446450.701,2026-10-02,3489,2026-07-30,3286000000,25.68,127959501.558,NP/EPS*close
6758,22113487.739,2026-10-02,3753,2026-07-31,342161000000,58.07,5892216290.684,NP/EPS*close
6762,6070625.159,2026-10-02,3198,2026-07-31,80581000000,42.45,1898256772.674,NP/EPS*close
6770,430690.696,2026-10-02,2207.5,2026-07-31,-3586000000,-18.38,195103373.232,NP/EPS*close
6806,825117.908,2026-10-02,25215,2026-08-04,7331000000,224.03,32723295.987,NP/EPS*close
6841,1191328.341,2026-10-02,4707,2026-08-04,12217000000,48.27,253097161.798,NP/EPS*close
6845,737108.044,2026-10-02,1458,2026-08-06,5091000000,10.07,505561072.493,NP/EPS*close
6849,249735.729,2026-10-02,1562.5,2026-08-06,-756000000,-4.73,159830866.808,NP/EPS*close
6856,1063942.945,2026-10-02,25330,2026-08-07,21806000000,519.15,42003274.583,NP/EPS*close
6857,27984214.366,2026-10-02,38630,2026-07-29,174780000000,241.27,724416628.673,NP/EPS*close
6861,19467318.43,2026-10-02,80270,2026-07-28,139133000000,573.69,242522965.365,NP/EPS*close
6869,1115355.222,2026-10-02,1818.5,2026-08-07,8691000000,14.17,613338038.109,NP/EPS*close
6902,4810584.085,2026-10-02,1808,2026-07-31,67875000000,25.51,2660721285.77,NP/EPS*close
6920,4141859.176,2026-10-02,46130,2026-08-06,77485000000,862.99,89786671.92,NP/EPS*close
6923,428013.064,2026-10-02,3482,2026-07-30,4140000000,33.68,122921615.202,NP/EPS*close
6925,329655.523,2026-10-02,4149,2026-08-04,3028000000,38.11,79454211.493,NP/EPS*close
6951,374963.269,2026-10-02,7701,2026-08-14,-1710000000,-35.12,48690205.011,NP/EPS*close
6952,486297.662,2026-10-02,2174,2026-07-31,9377000000,41.92,223687977.099,NP/EPS*close
6954,5669221.582,2026-10-02,6075,2026-07-31,50981000000,54.63,933205198.609,NP/EPS*close
6963,2018146.935,2026-10-02,5228,2026-08-05,9006000000,23.33,386026575.225,NP/EPS*close
6965,700273.891,2026-10-02,2389,2026-08-06,12619000000,43.05,293124274.1,NP/EPS*close
6971,4809367.273,2026-10-02,3668,2026-07-30,60576000000,46.2,1311168831.169,NP/EPS*close
6976,1275372.351,2026-10-02,10095,2026-08-05,2504000000,19.82,126337033.3,NP/EPS*close
6981,15410849.005,2026-10-02,8467,2026-07-31,81377000000,44.71,1820107358.533,NP/EPS*close
6988,2340004.571,2026-10-02,3506,2026-07-28,33872000000,50.75,667428571.429,NP/EPS*close
7003,423084.951,2026-10-02,4193,2026-08-03,8160000000,80.87,100902683.319,NP/EPS*close
7011,12812745.509,2026-10-02,3813,2026-08-04,134680000000,40.08,3360279441.118,NP/EPS*close
7012,1964143.543,2026-10-02,2350,2026-08-07,15663000000,18.74,835805763.074,NP/EPS*close
7013,2870443.443,2026-10-02,2707.5,2026-08-05,53518000000,50.48,1060182250.396,NP/EPS*close
7164,397254.1,2026-10-02,2990,2026-08-05,6562000000,49.39,132860903.017,NP/EPS*close
7167,1558124.048,2026-10-02,1660,2026-08-05,34504000000,36.76,938628944.505,NP/EPS*close
7180,718336.216,2026-10-02,1696,2026-08-07,12537000000,29.6,423547297.297,NP/EPS*close
7181,1823567.781,2026-10-02,1695,2026-08-07,34126000000,31.72,1075851197.982,NP/EPS*close
7182,12093487.161,2026-10-02,3395,2026-08-07,177573000000,49.85,3562146439.318,NP/EPS*close
7186,2096661.159,2026-10-02,1886,2026-08-05,32028000000,28.81,1111697327.317,NP/EPS*close
7189,678573.521,2026-10-02,4872,2026-08-03,15559000000,111.71,139280279.295,NP/EPS*close
7201,978556.481,2026-10-02,281,2026-08-03,3761000000,1.08,3482407407.407,NP/EPS*close
7202,1388905.801,2026-10-02,2021,2026-08-03,50938000000,74.12,687236913.114,NP/EPS*close
7203,34958788.516,2026-10-02,2856.5,2026-08-04,1477044000000,120.69,12238329604.773,NP/EPS*close
7211,453266.952,2026-10-02,337.3,2026-08-03,1411000000,1.05,1343809523.81,NP/EPS*close
7240,482333.304,2026-09-28,3029,2026-08-06,9075000000,56.99,159238462.888,NP/EPS*close
7259,1539315.254,2026-10-02,2147.5,2026-07-31,31883000000,44.48,716794064.748,NP/EPS*close
7261,676247.818,2026-10-02,1072,2026-08-04,29630000000,46.97,630828188.205,NP/EPS*close
7267,6479178.328,2026-10-02,1664.5,2026-08-05,450915000000,115.84,3892567334.254,NP/EPS*close
7269,3766866.318,2026-10-02,1952.5,2026-08-05,183607000000,95.17,1929252915.835,NP/EPS*close
7270,1772609.07,2026-10-02,2487,2026-08-05,49194000000,69.02,712749927.557,NP/EPS*close
7272,1702143.648,2026-10-02,1754,2026-08-04,113900000000,117.37,970435375.309,NP/EPS*close
7276,706174.628,2026-10-02,2687,2026-07-29,14657000000,55.77,262811547.427,NP/EPS*close
7282,121641.706,2026-10-02,1038.5,2026-07-31,18077000000,154.33,117132119.484,NP/EPS*close
7309,1499879.538,2026-10-02,17485,2026-07-28,27950000000,325.83,85780928.705,NP/EPS*close
7313,203715.839,2026-10-02,1746.5,2026-08-07,1598000000,13.7,116642335.766,NP/EPS*close
7337,707592.236,2026-10-02,2374,2026-08-04,14128000000,47.4,298059071.73,NP/EPS*close
7453,2236402.991,2026-10-02,4214,2026-07-10,58553000000,110.33,530707876.371,NP/EPS*close
7458,182431.796,2026-10-02,1765,2026-08-06,3137000000,30.35,103360790.774,NP/EPS*close
7459,597664.917,2026-10-02,2920,2026-08-05,13646000000,66.67,204679766.012,NP/EPS*close
7476,174963.574,2026-10-02,2455.5,2026-07-31,2853000000,40.04,71253746.254,NP/EPS*close
7532,2046967.427,2026-10-02,685,2026-08-18,110088000000,36.84,2988273615.635,NP/EPS*close
7550,1840769.518,2026-10-02,11065,2026-08-07,15172000000,91.2,166359649.123,NP/EPS*close
7616,729750,2026-10-02,1995,2026-08-12,834000000,2.28,365789473.684,NP/EPS*close
7649,223459.229,2026-10-02,1235,2026-07-09,6901000000,38.14,180938647.09,NP/EPS*close
7701,1126398.656,2026-10-02,3898,2026-08-06,13333000000,46.14,288968357.174,NP/EPS*close
7729,779321.233,2026-10-02,19205,2026-08-04,4667000000,115.01,40579080.08,NP/EPS*close
7731,626368.286,2026-10-02,1900,2026-08-06,1289000000,3.91,329667519.182,NP/EPS*close
7733,2105952.477,2026-10-02,1958,2026-08-07,19102000000,17.76,1075563063.063,NP/EPS*close
7735,2924605.192,2026-10-02,15465,2026-08-13,10490000000,55.47,189111231.296,NP/EPS*close
7741,8091279.08,2026-10-02,24180,2026-07-31,65791000000,196.61,334626926.403,NP/EPS*close
7747,875885.024,2026-10-02,3293,2026-08-14,32075000000,120.59,265983912.431,NP/EPS*close
7751,3992935.487,2026-10-02,4607,2026-07-27,171184000000,197.51,866710546.301,NP/EPS*close
7752,944238.897,2026-10-02,1662.5,2026-08-03,37088000000,65.3,567963246.554,NP/EPS*close
7832,3713357.129,2026-10-02,5742,2026-05-13,140651000000,217.49,646700997.747,NP/EPS*close
7846,224831.922,2026-10-02,2101.5,2026-08-06,10306000000,96.33,106986400.914,NP/EPS*close
7867,365133.105,2026-10-02,4202,2026-08-04,4058000000,46.7,86895074.946,NP/EPS*close
7911,672150.514,2026-10-02,2384.5,2026-08-12,21674000000,76.89,281883209.78,NP/EPS*close
7912,1288545.893,2026-10-02,2994,2026-08-07,23576000000,54.78,430376049.653,NP/EPS*close
7936,2935134.228,2026-10-02,4141,2026-08-14,82171000000,115.93,708798412.835,NP/EPS*close
7951,528781.07,2026-10-02,1202,2026-08-04,10690000000,24.3,439917695.473,NP/EPS*close
7956,241677.531,2026-10-02,2021,2026-08-06,5221000000,43.66,119583142.464,NP/EPS*close
7974,9048507.405,2026-10-02,7849,2026-08-06,147423000000,127.88,1152822959.024,NP/EPS*close
7984,364165.55,2026-10-02,851,2026-07-31,14695000000,34.34,427926616.191,NP/EPS*close
7988,446269.432,2026-10-02,2396,2026-07-31,8890000000,47.73,186256023.465,NP/EPS*close
8001,15208981.592,2026-10-02,2175.5,2026-08-06,293763000000,42.02,6991028081.866,NP/EPS*close
8002,7714258.692,2026-10-02,4725,2026-08-05,186432000000,114.19,1632647342.149,NP/EPS*close
8012,469669.705,2026-10-02,1151.5,2026-08-04,14655000000,35.93,407876426.385,NP/EPS*close
8015,7526071.543,2026-10-02,7264,2026-07-31,135260000000,130.55,1036078130.984,NP/EPS*close
8020,372322.8,2026-10-02,2237.5,2026-08-04,11703000000,70.33,166401251.244,NP/EPS*close
8031,13896104.348,2026-10-02,4902,2026-08-04,294052000000,103.73,2834782608.696,NP/EPS*close
8035,5502894.897,2026-10-02,12100,2026-07-30,164341000000,361.36,454784702.236,NP/EPS*close
8053,8221516.896,2026-10-02,1728,2026-07-31,190075000000,39.95,4757822277.847,NP/EPS*close
8056,454775.355,2026-10-02,4708,2026-08-05,4484000000,46.42,96596294.701,NP/EPS*close
8058,17187190.678,2026-10-02,4694,2026-08-06,298524000000,81.53,3661523365.632,NP/EPS*close
8060,784875.832,2026-10-02,3734,2026-07-24,22613000000,107.58,210197062.651,NP/EPS*close
8086,213695.613,2026-10-02,1307,2026-08-10,3839000000,23.48,163500851.789,NP/EPS*close
8088,459519.493,2026-10-02,1996.5,2026-08-06,31721000000,137.82,230162530.837,NP/EPS*close
8111,287379.818,2026-10-02,2102,2026-08-06,2249000000,16.45,136717325.228,NP/EPS*close
8113,1585092.316,2026-10-02,917.5,2026-08-05,41031000000,23.75,1727621052.632,NP/EPS*close
8129,231795.944,2026-10-02,3567,2026-08-05,2355000000,36.24,64983443.709,NP/EPS*close
8136,1431593.438,2026-10-02,1181,2026-08-10,15516000000,12.8,1212187500,NP/EPS*close
8174,100046.14,2026-10-02,939.5,2026-07-30,2593000000,24.35,106488706.366,NP/EPS*close
8227,664416.788,2026-10-02,3200,2026-09-28,24191000000,116.51,207630246.331,NP/EPS*close
8233,598492.464,2026-10-02,2042.5,2026-06-30,11082000000,37.82,293019566.367,NP/EPS*close
8242,310180.279,2026-10-02,2712,2026-08-04,10265000000,89.75,114373259.053,NP/EPS*close
8252,487648.633,2026-10-02,2725,2026-08-04,9030000000,50.46,178953626.635,NP/EPS*close
8253,620238.41,2026-10-02,4318,2026-08-12,21750000000,151.42,143640206.049,NP/EPS*close
8267,3403821.643,2026-10-02,1230,2026-07-10,13809000000,4.99,2767334669.339,NP/EPS*close
8282,262592.672,2026-10-02,1699.5,2026-08-06,9161000000,59.29,154511722.044,NP/EPS*close
8303,1330252.929,2026-10-02,1499.5,2026-07-31,38466000000,43.36,887130996.31,NP/EPS*close
8304,469233.59,2026-10-02,3389,2026-07-31,11492000000,83,138457831.325,NP/EPS*close
8306,39969475.937,2026-10-02,3544,2026-08-06,809427000000,71.77,11278068830.988,NP/EPS*close
8308,5566396.312,2026-10-02,2474,2026-07-31,80526000000,35.79,2249958088.852,NP/EPS*close
8309,1210896.292,2026-10-02,1743,2026-07-30,142223000000,204.72,694719617.038,NP/EPS*close
8316,12650481.781,2026-10-02,3321,2026-07-31,501372000000,131.62,3809238717.52,NP/EPS*close
8331,1919989.69,2026-10-02,2771,2026-08-04,29905000000,43.16,692886932.345,NP/EPS*close
8334,1131265.088,2026-10-02,2989,2026-08-03,17584000000,46.46,378476108.48,NP/EPS*close
8341,909177.05,2026-10-02,4075,2026-07-31,22204000000,99.52,223110932.476,NP/EPS*close
8354,1471870.8,2026-10-02,7789,2026-08-07,28708000000,151.92,188967877.83,NP/EPS*close
8359,1258503.309,2026-10-02,2758,2026-07-31,23719000000,51.98,456310119.277,NP/EPS*close
8377,105398.468,2026-10-02,877.3,2026-07-29,23581000000,196.28,120139596.495,NP/EPS*close
8410,393750.906,2026-10-02,336.8,2026-08-07,6582000000,5.63,1169094138.544,NP/EPS*close
8411,20583699.729,2026-10-02,8446,2026-07-30,422909000000,173.53,2437094450.527,NP/EPS*close
8418,704802.663,2026-10-02,3461,2026-08-07,14149000000,69.48,203641335.636,NP/EPS*close
8424,387052.107,2026-10-02,4290,2026-07-30,14025000000,155.45,90221936.314,NP/EPS*close
8439,1264106.186,2026-10-02,2585.5,2026-08-03,35129000000,71.85,488921363.953,NP/EPS*close
8473,1975966.757,2026-10-02,3057,2026-07-31,148065000000,229.07,646374470.686,NP/EPS*close
8570,318117.048,2026-10-02,1473.5,2026-07-09,8966000000,41.53,215892126.174,NP/EPS*close
8572,709085.206,2026-10-02,452.6,2026-08-24,79635000000,50.83,1566692897.895,NP/EPS*close
8591,6300542.195,2026-10-02,5745,2026-08-06,280832000000,256.07,1096700121.061,NP/EPS*close
8593,1873869.905,2026-10-02,1306,2026-08-07,31609000000,22.03,1434816159.782,NP/EPS*close
8595,115662.011,2026-10-02,2202.5,2026-07-24,564000000,10.74,52513966.48,NP/EPS*close
8601,2428242.724,2026-10-02,1751,2026-08-06,56414000000,40.68,1386774827.925,NP/EPS*close
8604,4396000.541,2026-10-02,1507,2026-08-06,145561000000,49.9,2917054108.216,NP/EPS*close
8630,5817460.195,2026-10-02,6523,2026-08-14,181168000000,203.14,891838141.183,NP/EPS*close
8697,2364538.98,2026-10-02,2304,2026-07-28,29567000000,28.81,1026275598.75,NP/EPS*close
8725,6918883.654,2026-10-02,4776,2026-08-14,328618000000,226.84,1448677481.926,NP/EPS*close
8729,995564.964,2026-10-02,148.9,2026-08-10,9160000000,1.37,6686131386.861,NP/EPS*close
8750,6434656.222,2026-10-02,1786.5,2026-08-07,160065000000,44.44,3601822682.268,NP/EPS*close
8766,970024.014,2026-10-02,507.4,2026-08-12,264300000000,138.25,1911754068.716,NP/EPS*close
8795,2272900.193,2026-10-02,4737,2026-08-07,42296000000,88.15,479818491.208,NP/EPS*close
8801,3855794.151,2026-10-02,1426,2026-08-07,75818000000,28.04,2703922967.19,NP/EPS*close
8802,4215803.562,2026-10-02,3498,2026-08-07,95416000000,79.17,1205203991.411,NP/EPS*close
8804,666209.076,2026-10-02,3211,2026-08-06,23364000000,112.61,207477133.469,NP/EPS*close
8830,2853170.597,2026-10-02,3089,2026-08-06,85161000000,92.2,923655097.614,NP/EPS*close
8876,349114.559,2026-10-02,2302.5,2026-08-06,5228000000,34.48,151624129.93,NP/EPS*close
9001,537296.652,2026-10-02,2748,2026-08-04,14193000000,72.59,195522799.284,NP/EPS*close
9003,235838.856,2026-10-02,2457.5,2026-07-30,8138000000,84.8,95966981.132,NP/EPS*close
9005,899259.358,2026-10-02,1583.5,2026-08-07,36260000000,63.85,567893500.392,NP/EPS*close
9006,402236.657,2026-10-02,1507,2026-08-05,4711000000,17.65,266912181.303,NP/EPS*close
9007,586445.43,2026-10-02,1700.5,2026-08-07,11622000000,33.7,344866468.843,NP/EPS*close
9008,430080.573,2026-10-02,743,2026-08-06,11710000000,20.23,578843302.027,NP/EPS*close
9009,633323.999,2026-10-02,1313.5,2026-07-31,15410000000,31.96,482165206.508,NP/EPS*close
9020,3721514.475,2026-10-02,3296,2026-07-31,68017000000,60.24,1129100265.604,NP/EPS*close
9021,1305173.986,2026-10-02,2868,2026-08-05,39046000000,85.8,455081585.082,NP/EPS*close
9022,3453202.875,2026-10-02,3621,2026-07-31,142658000000,149.59,953660004.011,NP/EPS*close
9023,835906.077,2026-10-02,1440,2026-07-31,16811000000,28.96,580490331.492,NP/EPS*close
9024,900441.973,2026-10-02,3542,2026-07-31,16753000000,65.9,254218512.898,NP/EPS*close
9031,213655.603,2026-10-02,2829.5,2026-08-06,8402000000,111.27,75510020.67,NP/EPS*close
9041,635053.687,2026-10-02,3340,2026-08-10,11758000000,61.84,190135834.411,NP/EPS*close
9042,1041700.602,2026-10-02,4421,2026-07-31,36800000000,156.18,235625560.251,NP/EPS*close
9044,321915.136,2026-10-02,2975.5,2026-07-30,7848000000,72.54,108188585.608,NP/EPS*close
9045,312976.812,2026-10-02,3102,2026-08-07,9355000000,92.72,100895168.248,NP/EPS*close
9048,358307.343,2026-10-02,1827,2026-08-10,12579000000,64.14,196117867.166,NP/EPS*close
9064,623059.306,2026-10-02,1967.5,2026-08-03,-5887000000,-18.59,316675632.06,NP/EPS*close
9065,78544.746,2026-10-02,1567,2026-07-31,8873000000,177.02,50124279.742,NP/EPS*close
9069,379540.209,2026-10-02,2266,2026-08-12,6415000000,38.3,167493472.585,NP/EPS*close
9072,539751.275,2026-10-02,4524,2026-08-07,17493000000,146.62,119308416.314,NP/EPS*close
9076,417839.675,2026-10-02,2570.5,2026-08-06,8612000000,52.98,162551906.38,NP/EPS*close
9101,2885161.764,2026-10-02,7141,2026-08-05,67109000000,166.1,404027694.16,NP/EPS*close
9104,2452342.124,2026-10-02,7137,2026-08-07,61056000000,177.69,343609657.268,NP/EPS*close
9107,2040566.97,2026-10-02,3264,2026-08-04,23394000000,37.42,625173703.902,NP/EPS*close
9142,515281.262,2026-10-02,3349,2026-08-04,15700000000,102.04,153861230.89,NP/EPS*close
9143,840874.745,2026-10-02,1409,2026-08-07,12264000000,20.55,596788321.168,NP/EPS*close
9147,1371514.678,2026-10-02,5672,2026-08-07,24282000000,100.42,241804421.43,NP/EPS*close
9201,1760188.889,2026-10-02,2989,2026-08-03,5353000000,9.09,588888888.889,NP/EPS*close
9202,1428521.455,2026-10-02,2943,2026-07-29,19411000000,39.99,485396349.087,NP/EPS*close
9301,498998.732,2026-10-02,1457.5,2026-07-31,6077000000,17.75,342366197.183,NP/EPS*close
9302,246576.108,2026-10-02,3267,2026-08-04,3696000000,48.97,75474780.478,NP/EPS*close
9364,464294.781,2026-10-02,4703,2026-08-13,7113000000,72.05,98723108.952,NP/EPS*close
9401,907149.687,2026-10-02,5801,2026-08-06,14490000000,92.66,156378156.702,NP/EPS*close
9404,698867.492,2026-10-02,2841,2026-07-31,22656000000,92.1,245993485.342,NP/EPS*close
9432,13814679.586,2026-10-02,169.9,2026-08-06,274830000000,3.38,81310650887.574,NP/EPS*close
9433,11027743.913,2026-10-02,2896.5,2026-08-07,195465000000,51.34,3807265290.222,NP/EPS*close
9434,11529649.838,2026-10-02,237.4,2026-08-04,150070000000,3.09,48566343042.071,NP/EPS*close
9435,1567124.458,2026-10-02,35790,2026-08-13,36656000000,837.15,43786657.11,NP/EPS*close
9449,392367.606,2026-10-02,3968,2026-08-14,11685000000,118.17,98882965.22,NP/EPS*close
9468,550970.874,2026-10-02,3750,2026-08-13,-4540000000,-30.9,146925566.343,NP/EPS*close
9501,839857.938,2026-10-02,524,2026-08-13,-9793000000,-6.11,1602782324.059,NP/EPS*close
9502,1990499.356,2026-10-02,2635,2026-08-07,35202000000,46.6,755407725.322,NP/EPS*close
9503,2932962.791,2026-10-02,2632.5,2026-07-31,137061000000,123.02,1114135912.86,NP/EPS*close
9504,355984.747,2026-10-02,990,2026-08-05,-3772000000,-10.49,359580552.908,NP/EPS*close
9505,222899.172,2026-10-02,1067,2026-07-29,22198000000,106.26,208902691.511,NP/EPS*close
9506,618876.873,2026-10-02,1237,2026-07-29,36127000000,72.21,500304666.944,NP/EPS*close
9507,430609.259,2026-10-02,2107,2026-08-07,19732000000,96.55,204370792.336,NP/EPS*close
9508,1015959.452,2026-09-28,2098,2026-07-31,61098000000,126.17,484251406.832,NP/EPS*close
9509,228228.399,2026-10-02,1085,2026-08-07,14777000000,70.25,210348754.448,NP/EPS*close
9513,706898.485,2026-10-02,4016,2026-07-31,27424000000,155.8,176020539.153,NP/EPS*close
9531,2049159.468,2026-10-02,6173,2026-07-30,35569000000,107.15,331955202.986,NP/EPS*close
9532,2202011.566,2026-10-02,5763,2026-07-30,35680000000,93.38,382094666.952,NP/EPS*close
9533,449789.996,2026-10-02,1250,2026-07-27,9424000000,26.19,359831996.945,NP/EPS*close
9602,1309187.768,2026-10-02,1567,2026-07-15,8196000000,9.81,835474006.116,NP/EPS*close
9616,287272.727,2026-10-02,3160,2026-08-07,3040000000,33.44,90909090.909,NP/EPS*close
9627,187164.471,2026-10-02,5324,2026-09-14,1975000000,56.18,35154859.381,NP/EPS*close
9684,1039904.601,2026-10-02,2884,2026-08-10,13244000000,36.73,360577184.863,NP/EPS*close
9697,1860554.182,2026-10-02,4448,2026-07-28,29159000000,69.71,418290058.815,NP/EPS*close
9706,495334.796,2026-10-02,5337,2026-08-24,8418000000,90.7,92811466.373,NP/EPS*close
9735,2507095.937,2026-10-02,6223,2026-08-07,24096000000,59.81,402875773.282,NP/EPS*close
9744,252572.959,2026-10-02,3272,2026-07-30,3574000000,46.3,77192224.622,NP/EPS*close
9759,225964.324,2026-10-02,2980.5,2026-07-30,2514000000,33.16,75814234.017,NP/EPS*close
9766,3029666.667,2026-10-02,22350,2026-07-30,32574000000,240.3,135555555.556,NP/EPS*close
9831,470085.539,2026-10-02,707.2,2026-08-06,9984000000,15.02,664713715.047,NP/EPS*close
9843,1700368.868,2026-10-02,3009,2026-08-07,25757000000,45.58,565094339.623,NP/EPS*close
9861,238738.709,2026-10-02,3689,2026-07-08,1814000000,28.03,64716375.312,NP/EPS*close
9934,351522.759,2026-10-02,3131,2026-07-31,8115000000,72.28,112271721.085,NP/EPS*close
9962,1041707.235,2026-10-02,3937,2026-07-31,11703000000,44.23,264594166.855,NP/EPS*close
9983,22021536.698,2026-10-02,71770,2026-07-09,426077000000,1388.62,306834843.226,NP/EPS*close
9984,36478899.8,2026-10-02,6310,2026-08-06,347330000000,60.08,5781125166.445,NP/EPS*close
9987,173040.378,2026-10-02,2558.5,2026-08-07,3381000000,49.99,67633526.705,NP/EPS*close
9989,417403.415,2026-10-02,3568,2026-08-14,8017000000,68.53,116985261.929,NP/EPS*close
