trade_date,rank,code,name,market,turnover,last,change,change_pct,fetched_at
2026-08-10,1,285A,キオクシア,プライム,1570008575000.0,48010.0,280.0,0.59,2026-08-11T19:00:29+09:00
2026-08-10,2,5803,フジクラ,プライム,659688627000.0,5580.0,395.0,7.62,2026-08-11T19:00:29+09:00
2026-08-10,3,6857,アドテスト,プライム,240389131000.0,34260.0,2070.0,6.43,2026-08-11T19:00:29+09:00
2026-08-10,4,6976,太陽誘電,プライム,229749304000.0,9548.0,-151.0,-1.56,2026-08-11T19:00:29+09:00
2026-08-10,5,4062,イビデン,プライム,202881500500.0,19880.0,770.0,4.03,2026-08-11T19:00:29+09:00
2026-08-10,6,5801,古河電,プライム,185766330500.0,3952.0,96.0,2.49,2026-08-11T19:00:29+09:00
2026-08-10,7,9984,ＳＢＧ,プライム,157104955900.0,5484.0,-68.0,-1.22,2026-08-11T19:00:29+09:00
2026-08-10,8,5706,三井金属,プライム,148842015000.0,27855.0,-4365.0,-13.55,2026-08-11T19:00:29+09:00
2026-08-10,9,8035,東エレク,プライム,143846440000.0,56750.0,2250.0,4.13,2026-08-11T19:00:29+09:00
2026-08-10,10,6981,村田製,プライム,128582883700.0,7302.0,39.0,0.54,2026-08-11T19:00:29+09:00
2026-08-10,11,6920,レーザーテク,プライム,127827924000.0,39590.0,2130.0,5.69,2026-08-11T19:00:29+09:00
2026-08-10,12,5713,住友鉱,プライム,117839921800.0,10065.0,1066.0,11.85,2026-08-11T19:00:29+09:00
2026-08-10,13,8306,三菱ＵＦＪ,プライム,106194471200.0,3510.0,-54.0,-1.52,2026-08-11T19:00:29+09:00
2026-08-10,14,6146,ディスコ,プライム,104358681000.0,62980.0,4540.0,7.77,2026-08-11T19:00:29+09:00
2026-08-10,15,6098,リクルート,プライム,97930190500.0,16165.0,3000.0,22.79,2026-08-11T19:00:29+09:00
2026-08-10,16,7974,任天堂,プライム,90391448900.0,8265.0,222.0,2.76,2026-08-11T19:00:29+09:00
2026-08-10,17,5016,ＪＸ金属,プライム,78041127900.0,3845.0,-41.0,-1.05,2026-08-11T19:00:29+09:00
2026-08-10,18,8316,三井住友ＦＧ,プライム,72441412100.0,6629.0,-153.0,-2.26,2026-08-11T19:00:29+09:00
2026-08-10,19,7203,トヨタ,プライム,69829390900.0,2981.0,1.0,0.03,2026-08-11T19:00:29+09:00
2026-08-10,20,6501,日立,プライム,66555888200.0,5620.0,0.0,0.0,2026-08-11T19:00:29+09:00
2026-08-10,21,5101,浜ゴム,プライム,64527563000.0,7484.0,-308.0,-3.95,2026-08-11T19:00:29+09:00
2026-08-10,22,8136,サンリオ,プライム,63698384700.0,1454.5,57.5,4.12,2026-08-11T19:00:29+09:00
2026-08-10,23,6758,ソニーＧ,プライム,63359777000.0,3764.0,43.0,1.16,2026-08-11T19:00:29+09:00
2026-08-10,24,8411,みずほＦＧ,プライム,58480090000.0,8244.0,-202.0,-2.39,2026-08-11T19:00:29+09:00
2026-08-10,25,9983,ファストリ,プライム,57615343000.0,78720.0,-590.0,-0.74,2026-08-11T19:00:29+09:00
2026-08-10,26,7011,三菱重,プライム,54027056100.0,4004.0,-40.0,-0.99,2026-08-11T19:00:29+09:00
2026-08-10,27,5802,住友電,プライム,52514609550.0,2161.0,31.5,1.48,2026-08-11T19:00:29+09:00
2026-08-10,28,6525,コクサイエレ,プライム,50798395200.0,8006.0,-130.0,-1.6,2026-08-11T19:00:29+09:00
2026-08-10,29,4901,富士フイルム,プライム,48687704400.0,3162.0,-74.0,-2.29,2026-08-11T19:00:29+09:00
2026-08-10,30,3436,ＳＵＭＣＯ,プライム,47499273800.0,3487.0,17.0,0.49,2026-08-11T19:00:29+09:00
2026-08-12,1,285A,キオクシア,プライム,1925350931000.0,49870.0,1860.0,3.87,2026-08-12T19:05:17+09:00
2026-08-12,2,5803,フジクラ,プライム,404776140100.0,5800.0,220.0,3.94,2026-08-12T19:05:17+09:00
2026-08-12,3,6976,太陽誘電,プライム,294209422000.0,10265.0,717.0,7.51,2026-08-12T19:05:17+09:00
2026-08-12,4,6857,アドテスト,プライム,251661887000.0,34550.0,290.0,0.85,2026-08-12T19:05:17+09:00
2026-08-12,5,6981,村田製,プライム,184128052300.0,7538.0,236.0,3.23,2026-08-12T19:05:17+09:00
2026-08-12,6,4062,イビデン,プライム,161354130000.0,20480.0,600.0,3.02,2026-08-12T19:05:17+09:00
2026-08-12,7,8035,東エレク,プライム,157238429000.0,58230.0,1480.0,2.61,2026-08-12T19:05:17+09:00
2026-08-12,8,5801,古河電,プライム,150239522600.0,4222.0,270.0,6.83,2026-08-12T19:05:17+09:00
2026-08-12,9,6098,リクルート,プライム,149663050000.0,16660.0,495.0,3.06,2026-08-12T19:05:17+09:00
2026-08-12,10,7974,任天堂,プライム,145559612900.0,8488.0,223.0,2.7,2026-08-12T19:05:17+09:00
2026-08-12,11,8306,三菱ＵＦＪ,プライム,143074272900.0,3606.0,96.0,2.73,2026-08-12T19:05:17+09:00
2026-08-12,12,6920,レーザーテク,プライム,142567327000.0,38980.0,-610.0,-1.54,2026-08-12T19:05:17+09:00
2026-08-12,13,9984,ＳＢＧ,プライム,139549504900.0,5520.0,36.0,0.66,2026-08-12T19:05:17+09:00
2026-08-12,14,8136,サンリオ,プライム,107029577000.0,1191.0,-263.5,-18.12,2026-08-12T19:05:17+09:00
2026-08-12,15,6146,ディスコ,プライム,93216203000.0,62960.0,-20.0,-0.03,2026-08-12T19:05:17+09:00
2026-08-12,16,8316,三井住友ＦＧ,プライム,84516917600.0,6857.0,228.0,3.44,2026-08-12T19:05:17+09:00
2026-08-12,17,9983,ファストリ,プライム,78265791000.0,78050.0,-670.0,-0.85,2026-08-12T19:05:17+09:00
2026-08-12,18,8411,みずほＦＧ,プライム,76097207500.0,8502.0,258.0,3.13,2026-08-12T19:05:17+09:00
2026-08-12,19,5706,三井金属,プライム,75801687500.0,29000.0,1145.0,4.11,2026-08-12T19:05:17+09:00
2026-08-12,20,7203,トヨタ,プライム,70234833900.0,2999.5,18.5,0.62,2026-08-12T19:05:17+09:00
2026-08-12,21,6501,日立,プライム,65265099400.0,5669.0,49.0,0.87,2026-08-12T19:05:17+09:00
2026-08-12,22,4004,レゾナック,プライム,63799692000.0,17410.0,1075.0,6.58,2026-08-12T19:05:17+09:00
2026-08-12,23,7011,三菱重,プライム,62444093900.0,4094.0,90.0,2.25,2026-08-12T19:05:17+09:00
2026-08-12,24,6758,ソニーＧ,プライム,61539132800.0,3762.0,-2.0,-0.05,2026-08-12T19:05:17+09:00
2026-08-12,25,5016,ＪＸ金属,プライム,61136290800.0,3900.0,55.0,1.43,2026-08-12T19:05:17+09:00
2026-08-12,26,5802,住友電,プライム,61012336600.0,2270.0,109.0,5.04,2026-08-12T19:05:17+09:00
2026-08-12,27,6525,コクサイエレ,プライム,60325273100.0,8657.0,651.0,8.13,2026-08-12T19:05:17+09:00
2026-08-12,28,6861,キーエンス,プライム,57838775000.0,87200.0,2200.0,2.59,2026-08-12T19:05:17+09:00
2026-08-12,29,5713,住友鉱,プライム,53977570000.0,9684.0,-381.0,-3.79,2026-08-12T19:05:17+09:00
2026-08-12,30,4755,楽天グループ,プライム,52217512080.0,745.0,-119.0,-13.77,2026-08-12T19:05:17+09:00
